wage,educ,ability,fathereduc
146.34780694171997,18.053193665387255,348.2400209126144,17.15832168184704
147.59957955353207,15.845485735474092,181.1607243132742,13.9885328811908
161.8202278833154,15.105206614023304,337.3677246592625,15.99431083481128
105.08294056117721,16.45813112431613,106.4580322028506,21.413172401845927
167.56219551391882,18.79381510894114,301.5100061527923,16.4576300404977
172.92731927198108,16.01597308112902,283.65235522888975,15.425312187395214
149.30914278302816,17.201142245689596,249.70654628323163,15.861366881782462
99.01194057048217,15.073345724518468,93.228251663379,15.628795457654956
103.20974611334171,16.777257541847874,257.24766240419626,17.202247610002615
177.15963772893124,17.859978833105004,395.05840491112673,12.665962987356773
186.72846629266405,17.430634982412585,277.81774514960665,15.793162924292321
217.50280656172214,19.95348780171024,423.71643429032946,19.891161149344647
103.02226168780882,17.153071370821245,234.04010865295427,16.800749019245764
116.62841874105489,19.66884233876202,164.87107696789235,17.896515364204802
145.33260165977086,14.407885518213009,282.56292054142153,13.702688914131862
84.45036982041123,14.64571209912124,278.43408083025747,16.185985496997084
212.24515767768804,21.649129974128332,397.4027595142592,19.50205390597273
179.70099226330805,16.01544083115652,391.81369832050564,11.719303499950172
194.14849031389627,16.451711380579418,377.82256672829715,15.679227498494278
159.97592976589348,17.219432702950296,268.7399320217461,15.290434606457666
261.52358622229065,18.52180461625122,556.7010332600283,14.549174769266836
152.35668064688804,17.0461010541229,301.1650158728925,15.694511503402477
135.7961425443886,17.537768969952456,198.96083204898207,18.55477072624119
159.03454975188723,17.40492157352631,327.24158932710554,15.884472752077619
216.95148717594193,15.73337551877746,539.0287401850012,15.179793184429123
99.31398934741878,15.050851688198833,300.42378744715944,15.389300810497854
114.41785645669098,16.147789698996203,205.25094809048397,18.599824262056423
114.12219070047252,13.461827669510702,330.8889717338384,14.272706165028449
159.53648931611875,16.14428686840344,221.83944330683235,17.029045896645123
61.444476627747065,10.939511999529765,133.83943680131875,13.793781817541545
67.47554455002211,16.34100715304199,175.39986932801608,17.105626283418694
208.76017313883693,16.07546893865249,451.04104588763545,14.781401908016672
154.2157984631928,18.761980442186648,442.1803509032866,16.98334911590345
110.43749254551136,16.969971280758756,160.80835771758873,18.094121437434833
184.936903962724,17.071500830094827,306.5451992988493,17.26689344935449
235.85157110944021,18.631782672939373,387.7113576211277,15.838682981672271
137.66348746095372,17.813992284183534,245.82939350462414,16.768672285238623
116.84937450823313,14.932296880164053,193.85080045209244,15.009737453582112
209.02615903875844,20.015797900335244,354.7668664552286,17.72055266741746
75.54122719369322,12.672725045262581,195.54334365715883,11.951880961771623
106.32157149885359,20.451201980884633,186.9599368965495,19.024909947644836
146.83300866698752,13.154297135863636,362.8930253833993,13.211210212427305
172.98196753866878,16.011130797071022,405.9867723426424,14.573966311392649
86.31825652157382,16.75729145847283,183.9576215155794,15.938852133529632
102.87778614994355,17.2310848489337,87.60686670915327,17.450151811438
86.71497171618697,12.060179295991519,254.79962757573915,16.096206988206347
177.79799829161612,15.566613521572688,406.08717462489614,16.61708474546213
113.6345180110417,13.016401398859193,220.374972551601,14.457663902947592
119.40278967798714,15.525908090463144,237.08141187090644,15.660061849763611
138.7825110396941,12.99371806173581,247.4757681362396,15.546934825272198
140.27813867051975,17.179005483319685,322.7067053197673,16.445338850243704
137.29638420747102,14.025858944202781,381.139517388808,16.962748087323146
250.64953349315638,18.351562014213634,522.6705127661937,16.79298782534019
190.64428065308758,17.012644624161954,457.96888897218736,15.490181847974249
108.3629367699841,14.67100027052663,223.19384075944456,13.378281535767327
209.6805423284573,17.978830936820565,271.4006544026641,17.446615533635942
153.9577165220018,17.21369573778734,295.97963531404315,19.238775402160098
267.6749308186831,19.857725391300974,368.88968367448916,16.406222943210892
120.91644062725291,15.391614577424171,337.4267875443375,14.163066141129406
126.35118897832031,16.96214087294858,254.8609557354466,15.830768304052313
137.4841935702134,13.228464416129707,345.70757772189006,10
226.39302255699937,22.272348205936034,363.31923872821625,20.268555956635876
279.27727159205614,19.603008541462692,515.605321930868,18.013485029956367
102.30806290901938,13.485608714482204,264.5310328903927,13.849080093553212
147.5153472398693,15.622356117099223,294.1630674122296,14.391495862930373
196.30443248037977,15.07870719423388,455.2096149812763,13.786031989385899
174.4828249349903,18.936912373107383,424.9834658707125,19.045300956672136
263.67542748636424,20.062248714883204,517.052493420803,19.00064466986563
230.96350550748608,18.59077495168041,471.9290964266378,15.563680323387118
123.7319616982473,15.61487583244502,236.61023840027073,13.161802276448679
237.48946591214371,20.911163670151492,421.89209606592703,17.337951113960134
141.67764293658718,15.558273046152575,260.20337959531054,14.33161978905174
94.66002409477574,14.714922129154722,290.4662159262965,15.139623653454937
75.3712414146788,14.166965298491402,131.78488154616832,15.789819168446773
76.88366002103642,15.081461597398,92.03973192810476,11.979257777614627
170.82373801952002,14.713258166435718,483.69692248902277,14.954307827332826
117.02948765658813,17.23920991441132,106.47011782025207,18.227342592626194
193.19012387266358,21.569971501385876,250.00685381005812,19.083083914377283
166.01868664952352,15.944553148008897,304.46659178487886,15.6981489825592
177.7995904456261,16.870686510899123,486.6077172688989,16.737408237158014
163.6572640420808,17.052596504764978,334.01852845134334,16.519083691577
223.80899841872008,17.126977434192774,499.29433052680326,17.094493997644364
61.964870445552485,13.084271958370577,165.85864929629597,13.418941641615074
122.93911930855127,14.84492307559543,298.0769499944183,14.024740525480881
70.18100857690037,14.985573521694217,227.13794247389563,16.778075287375955
124.01964159709026,14.656045244992358,259.6122844855944,18.30668990830486
130.76181184542656,15.694123142012291,308.40902976761384,13.848492094251679
88.80918807590527,15.585834601048159,216.14054303067027,14.148114370676861
118.71516199151962,15.496384479770175,321.49486055505906,16.684584405060583
172.46166868445525,19.51909769359932,137.1355560320704,19.11704055822885
186.14491826891262,17.180747360451193,391.6341076610338,17.940315715013934
89.69996514882,12.760767370052733,212.41342590420703,16.52970730943043
153.50241143150816,15.106216027055746,304.79449531323564,13.163312426527138
109.82407277691013,16.21952269905899,185.14033388929357,15.747135291812889
224.63941512670107,20.696110569286716,330.9901243380816,15.929471970948441
195.3447791428577,16.928486972648614,408.74715825329906,17.962105992288
129.1577611865227,19.24897042787415,56.66189365259635,20.30791357177268
168.1196608413494,16.604140397897183,348.1357764834978,16.595608688769364
225.58727887051194,20.281626416037668,456.6762697700836,18.14513463575792
119.92255235482074,13.765793185094768,162.04875519267904,15.755613964276787
251.52528777132346,18.999816118949333,458.0441534140592,19.732904969188095
111.35996691607912,14.858311324472835,225.39481881185966,15.775601557217136
136.61361393579813,14.814301843115466,265.78993296292555,14.556755191282562
53.68631991574788,12.846841037716692,203.8583659172737,13.459645878286432
95.53416339817917,16.803686638490483,89.37309990572301,15.009541548073166
143.9011296728485,14.83190039369034,216.23154060535268,14.050804614584713
179.1456877306955,18.472720597364653,353.60649150686305,17.048659518943616
182.68712453153748,18.036632582666797,360.76340784568157,16.819507373530026
192.0855640274761,16.105282242110217,480.4924435642978,15.123311411816939
102.78024799956282,16.544313868385384,210.08146905325972,18.40939465976229
63.86128625827125,14.581037418785552,180.29466611911266,16.862513401750373
146.8511048338652,17.87816673187757,304.6853019313836,14.550245374271128
136.38879833182776,14.968785322911886,272.13113762173606,15.565325102799886
145.02617323111676,16.76622058818291,309.6039159066805,15.881142970341212
125.1262783087976,17.84850151317887,231.21501605205995,16.919492697829803
70.62274359551947,15.024212551403451,245.1544937822084,16.387543274847346
106.70907360515795,13.627302841553504,209.86344842199892,15.558697469190914
153.52387572217643,17.193176418896364,226.0914361729243,18.566304289410496
75.35197344786012,12.193541496879323,216.16797573000915,11.213371564191508
144.43326343593634,12.581865161216594,360.51403633975184,13.483649942970086
148.00654020641076,22.273403751432056,150.99270357648817,19.812734321129003
244.6138049825761,19.62290301629485,457.25821422023887,19.37644851195895
94.32821985927076,14.421330158167162,331.2419752247531,16.96250140946289
208.79933908851038,20.54156515672068,410.06029384545184,18.082830763226152
165.57894820958666,15.853742137806922,400.88512928720706,17.11304083343991
209.51279799409716,21.020527479889516,332.51602110566245,19.394901379641713
62.14264899861568,15.808728820217137,65.6770002894285,16.27304238911464
162.8309478497586,16.241113618614502,255.09297680994663,16.635805282209297
118.59374875391494,16.749013607725697,224.42363830362504,18.183356740391172
186.85248043753322,16.1503764083902,417.6424796480048,13.74581041648563
125.43649460759974,14.847001837158945,280.81002101825186,14.652983358325011
154.67173247272208,17.031726565693248,324.6018085458031,14.604256584386166
200.70355314752717,17.20322456456686,431.79487395408984,18.94484109878085
199.70047448029524,16.96766216720643,494.3652194381524,16.620875582002586
106.78659169010766,16.26345210706298,325.6858840358109,16.876307979034753
185.72259424258908,20.062274449024244,362.03226546297833,16.622349873637894
148.03047721718102,17.828910122706972,161.79233756857568,16.39923604814875
81.92853143825307,13.24272845880704,205.1876953295969,12.794255108471054
181.2889738438207,15.779444136803106,378.135868882994,12.871995223737997
139.61128166823045,15.385831745994178,330.0668013381122,17.04111392682145
143.03708259653183,18.23770495447279,387.973811626531,17.716642188008223
145.58171194955412,17.212266279899936,360.4894038290528,16.88221986097338
249.283877238645,20.70842865608212,592.4895665955729,20.386715118549464
81.19392159581916,15.319609056501474,300.69326752166876,16.683666785287446
229.98691135751838,21.44020835253033,259.1031487074975,18.727315691650674
227.52188272981485,20.871717163738094,487.8067642774977,17.740767639381332
226.9614937774558,18.788936011828206,509.92185409732724,19.203437677655838
163.65186236988328,15.624903168463218,204.416487020355,17.094565680757164
150.54947629662155,14.116476282282791,394.20606693124165,14.606537549043201
155.50711109750048,15.351487108864474,282.1620088583386,15.832106204318453
186.20184400891037,18.219756579184782,216.43621776541684,20.14537197797656
138.49072236929024,16.34929213648101,391.6344876309766,15.402354308904833
78.1305323254254,12.329597443418214,279.10568474473513,13.95540956291369
139.56805414150452,15.577031096313357,317.83708406873893,13.72777949290527
176.18894459681945,18.06996740040809,317.1505101018046,17.451464758364466
143.5417663293925,16.83886585749449,295.84896691913906,17.616312045662376
182.27049279108053,15.121053911105571,586.1449435650409,13.958345120327776
81.39700210201778,13.997810908286048,191.8620775049713,13.80416845118598
203.66155571618685,17.733846085511857,408.7751356994969,15.245256297622785
142.5160836992864,15.438752724767358,307.1121487508456,15.937004013871618
148.12723817412433,16.72745583929729,275.9514696769442,17.659874777775983
220.6406180663723,19.932961408959805,481.15437055168,18.4933141607567
151.12598111824363,16.63602944529997,355.28213187815146,16.15208237924229
191.57757535228194,19.90935391910133,301.54503278694443,19.582856695885113
217.37003464870546,17.971809483584085,480.25809580170875,16.549383988145316
221.80709870937937,18.63664454466931,365.51405718114347,19.692744039146874
242.81316674052354,18.6111869188139,448.71782486138557,15.280615697322503
127.70068666850275,19.014689142964173,142.44750040776293,18.774704865765806
143.51031328284216,13.45808601139305,267.0813027518759,11.647543816383314
98.01581928570424,15.736438875663307,120.10752697657455,16.843831016404135
163.26590841134293,15.43598137542326,356.02609931732877,13.931414785507487
122.18471051685887,16.336316047242804,289.38431844651956,15.3154414039915
109.28781707904163,15.317307896116182,276.51476579144605,14.429776855722181
175.1160162390871,20.145931241134754,313.1720007216012,16.910312578709863
214.07926998242428,19.821680143297094,452.49987002525467,18.15087455331883
110.55485413901053,14.234516564162583,225.30331635848282,13.749769034865922
154.0921876682581,19.16612529056122,305.1313779000651,19.314813306098266
125.43989197420089,17.597011724612308,241.04789182524857,16.45225220375042
124.91845981940044,15.60584087832303,267.7579620702425,15.140253528933282
213.20919205130429,20.819511009067206,285.94685193283595,19.71005556627701
143.24135505526752,13.869373522051907,282.1306834883729,14.682434264428117
168.8585435808735,21.326651620850896,246.24435902836495,21.66683256893522
176.35999487909382,19.112204808125053,231.79437603045952,18.701078302603882
157.383333846494,17.901595106337485,166.72710150765897,19.040273637095794
92.81728650891854,14.684102325506647,210.1030539145003,15.939476026748746
170.07333370137565,16.074767613452835,419.763763675687,16.154294608352515
141.44370114229363,16.619801966695828,256.5227455274329,17.259609663687186
188.0525276765449,18.32477521389002,388.8214293229336,19.82664934141657
88.4750089474943,12.614157745032129,182.19186559576386,11.983227889912632
82.63652078987802,15.181783358895917,158.36336327948501,16.88049785220846
212.81331110830644,18.851095381413806,413.469449203341,17.17193601140027
202.65216136815667,17.250338813702545,483.0107837145959,16.79368431195303
131.382159123144,17.565478359786752,175.83112488522258,17.5096107571542
127.4570039917599,15.405814666326684,314.40250264904665,13.056304093131851
121.1124958872229,16.115085737954708,256.9585399531256,15.979145682502404
205.2735859042905,19.603762812150684,461.982456144379,20.93395596349226
218.44886805006328,19.690539193061067,322.1942362889359,19.773708436112845
118.5989162801478,13.65430746815673,217.90291669429251,14.935618746585472
84.41245946637765,15.88576793078719,49.75355369629737,15.15757755284503
188.9466609759672,19.31018077317203,346.45558916547014,18.3347929971388
185.7270212528558,19.982477668948093,374.03644299773396,17.329151586108097
243.33193456744044,17.818076212945652,524.7868181998894,19.094780305306326
180.00043800113033,17.997385254617313,347.51308796217654,14.678239112282252
179.3041357981773,15.55573571799051,440.3792231781496,15.177422893008053
83.60885393524121,14.448851641266895,261.4168204015799,17.513965885255608
118.82781305383561,17.479979131423313,198.8944443630306,17.73689780816287
148.67712916389758,15.901992715122335,401.35664351572876,14.649879791438831
97.66824858680071,16.267156842883367,216.55428597533214,16.659466227422193
100.02356466319117,15.474669678513099,239.82512966835938,14.297030051897323
72.92640819262562,14.43798540528474,92.78293637636162,17.903971300057197
132.41739522692106,18.24580536262029,237.98607638238835,19.420216727331397
87.6553915538685,15.413617965567877,130.63826848508208,13.019049786953605
133.26582359842052,14.87345143591515,302.9171481884046,14.631499100271437
81.35656562716068,13.434018093866433,159.03599943603558,15.360103284716867
158.84936789721172,17.71933804036401,195.58453250949356,15.991213630410961
59.98273463003834,13.003919135643205,166.9861475300795,14.022745328529094
143.2132543414481,14.597979344723974,275.8073605708858,13.350700047308779
146.11520377080905,16.210785315592087,151.6150900613388,18.496619224968146
159.45626201321497,15.909064461848144,329.6577546442653,14.529688021385052
192.72525568564075,19.15233457490421,387.70547371116857,17.773903448422125
103.01349047238631,12.983352544669444,114.34997957170285,15.658745854140204
195.44350513328354,18.516104920481055,329.17959223877654,19.076155941965425
140.87271457169805,14.686478218708736,213.1234070451225,15.39107791019585
155.73871461767857,18.936124440432355,369.0748429287929,15.487144705495398
203.19624391890724,16.809166486976437,489.6347401853712,16.025226200941084
165.86743117441318,17.06172880065833,182.95548312974282,16.906247966485516
136.4383719444945,15.90915399894293,237.01415621900676,17.209146390701033
235.86177073939368,18.26910943560973,472.80626179456095,17.645572730647263
120.43363082945213,16.681890642335834,301.77912038381936,14.836566368653155
219.23698296435782,20.9709179953556,363.0551481379117,19.557696570953837
121.31371275150116,16.972624230771125,229.53178097117643,15.614472710551794
197.22743053052744,18.153678123192346,352.673509294364,13.872533738736426
226.71357383572783,15.751789790602956,355.4628585662239,16.78663104049823
192.2427643047272,17.452492534994686,433.08512283627783,18.926461360193056
45.636385477987076,13.86091988779473,193.69526787208363,13.722937645343015
148.6106074513726,15.983652123473245,332.52002115152726,13.639730568139445
171.0293116577706,16.09984867739258,334.14900757839285,14.097186018368989
82.54199929296821,16.318351632496338,216.85201058430803,16.89042258973241
237.25310298269505,18.589861258422857,298.4859356062499,16.64707672461539
145.37738651300117,17.81318666164415,226.40715084221614,17.647119206639918
101.24871660003308,13.575829334203796,292.87184979540285,12.978008166884674
126.40669546314803,15.967015590890252,324.55889109464806,13.34100790150107
48.27293998702655,13.447475987653492,34.73793664631472,14.560959379736461
143.93973464288294,14.214778832814197,291.6774222516433,15.280526372880912
98.80452630185681,11.679902463313951,313.6395619323745,12.697399069257246
185.56353708411723,17.283285747952206,336.20910824950386,13.394071526391123
176.14638426917423,17.77365776853921,344.2199134486511,16.017309039842264
55.233510115613036,14.740050354456741,106.02106922326301,15.988900496141888
111.33962153007057,12.009178503925195,367.41895205582614,14.838489059430055
259.5885005675183,21.324587188247072,498.5723403123653,18.42216693438612
192.85713098202726,18.364734193230948,390.86356144377976,16.941620795800247
155.67924469298515,15.830109671729835,312.56808455999607,16.698803222860995
134.82858281863759,18.750679401336228,222.50150622185961,17.449198759587595
108.15023410870505,16.17928990667955,265.43052977986883,17.524418304957702
143.86298355230724,15.461018985760315,382.86705016534756,17.71758789709562
152.672277591189,16.971704160465734,382.2592999038948,16.4572930637304
183.038799074444,17.4784697151808,267.8118254159076,16.565492100100563
112.52584192513066,15.76815042126054,333.8741668123221,16.03163813148823
108.73801640727324,15.57108564648816,92.62329296628705,16.702988360824914
207.5476124557611,16.410715985248622,386.5073977459695,16.613234154388117
156.32724669200405,17.940310532161583,278.46451686176715,17.904224311538655
165.24695343920445,14.747781483581567,446.7836930075138,16.271606761530823
91.55658878243601,13.54193154476637,302.23050430413826,15.694254962036045
96.59776284546024,12.97119418664968,141.35899558231546,12.085925703494048
189.45518398786933,15.799699796638667,375.0729017565949,15.131404230603062
61.86684592585963,15.862198237327592,68.70317611749495,15.463726326166224
163.93687831745177,15.684431672802049,350.1108585601111,14.394137765388244
162.40602488212753,16.295447413250855,273.7090903784931,18.357502856673904
98.27783303731732,11.37333921488256,309.1497965909608,13.272602230522802
149.8793836167594,15.987186245670262,401.56163349073324,16.836198846112687
189.3311758112025,19.557298966056457,268.79367551687005,16.720490656260125
162.11669868578272,15.756855172509347,362.95639150539796,16.499195290629228
85.99303336259348,16.47577366068535,0,16.9361947518621
107.85875109284538,15.217316047775636,257.4380647016886,16.538227316774872
229.95611301459317,14.872495242990599,536.4721260621424,14.417894017937844
166.30844372690302,18.12897411108121,261.6656934090519,18.05298397826916
148.77523218987315,17.89067006528899,222.6504640456761,16.178324841766432
218.13937439700615,21.906045352921044,292.0173323075014,21.176422333558147
121.80127016586607,13.909895394868911,180.55794524388244,16.56239463368736
89.53640841441144,15.188263569473902,205.6478407617718,16.3769837343566
213.40435669618915,22.111346539318085,176.66245820432002,19.541806293215185
185.07783597886913,18.055007633578057,437.5863318506815,12.286912044886325
89.92263926542816,13.176949521026696,175.8206303301564,16.330397524536096
146.75639161708682,17.80441207216569,332.0831376981964,16.670275738681426
130.22364950024448,15.196336116807618,240.9819295072694,16.693121272679655
131.0622484227541,13.52383859469133,183.4510077001789,14.92974681050984
136.83929797146888,18.29324793274346,172.05562383238376,15.881637635603184
178.7466025519516,18.33894025487631,387.98313630803096,15.391211266275182
139.49034445064592,17.01275907158773,304.15522164743317,13.238598986084547
78.81474523240207,14.741499166386916,195.38181775932475,17.234162896491558
67.09865421560983,14.700478761961309,177.83996360848144,15.990332882543822
199.14764923507033,19.323939660730844,461.5130713695308,15.212831978699256
50.34704116921194,12.038309403547254,88.00359466987892,13.056240135096683
216.35698548824917,18.800981856442746,268.7580893201731,16.766807469285826
214.7797320876104,18.40420522295973,471.71719158595835,16.370078307331944
152.7962462183454,18.159083978705112,275.68909579342625,16.180048911207713
118.68682760398941,14.304225057261313,308.6219989389741,15.386754748959588
157.77699030138834,18.971844786443555,318.97839216159593,16.98997735717904
173.16557509417822,19.016717665760694,270.33556817741527,20.582416505887064
161.27437382219847,16.06867722547606,343.44474107166127,14.06503160447132
50.50055877470197,10.181963683586687,200.10492901938562,13.325803131240797
193.7963203174538,18.75300434138017,374.9460379158491,16.426151357885786
246.4994129017967,21.428010278202137,364.3857301871168,18.946353749553836
232.7260082444845,20.046302512420645,390.26638790342935,15.968616242205286
169.69979949494825,19.68670949620266,454.54328467671985,19.250279706247937
193.38951397485496,19.692051955098172,327.61336967813935,17.27401846667202
179.20816118146695,19.63176169856862,401.0865461944519,18.76033556395609
115.55587046733719,16.406594382194378,288.9586881495179,18.04984818876724
180.0668284863377,15.463412264191238,434.0029084744891,13.876682597707022
196.58317462891094,18.98014166041196,459.63946260149555,15.21459736364435
125.27135136692179,14.91022642272992,237.0640017751374,14.05652723338262
140.97435022161307,18.660994402794906,216.4025398686904,13.619442143070204
178.68757659448806,13.702103021252597,310.26653740278056,12.94531072489875
103.05524160796352,15.684863989166889,101.83579819546425,16.11716902971485
155.5810464576202,16.876060703901842,385.17293133706943,18.531370651574342
160.65862567750733,15.355505660288049,339.17272832061263,18.281649359435136
54.291035366072414,14.343016342148324,11.91440792568699,16.080742345639123
204.49220840859792,19.323245036343263,398.3946438517412,19.747498702144576
136.1299410469465,18.62683156747932,169.43272130631564,15.480045360691577
121.7229098696461,16.584096227105523,219.5761644238491,16.975330499355927
187.47378914950738,15.190134136225161,303.7178663890846,15.382842047647944
275.4586699314953,21.34857117046149,531.9097638650649,18.007156183193246
101.43450084403925,13.249074512288946,331.66591600165515,13.079062769179789
100.0972372560809,15.198144677473621,173.48082138505364,15.111416139751366
218.2857066559384,17.779122127479965,418.1169703269184,17.80424572681176
188.4897207241524,16.906838410804163,413.14240202838425,18.044375069239646
168.33171122784594,16.21167390625427,313.58036758769833,11.277215569577253
226.20159818407808,16.440866861068656,382.0492507500353,17.33013032080207
151.03421159399684,15.984964372783686,176.40542282409606,15.650416600976968
129.96868437481334,15.918614166821762,267.02440052213143,15.838415117710266
150.55745830471932,15.647903771395042,255.52819534286843,12.99486161875096
119.10837446173868,14.842190307824666,340.4843681878559,13.82679919081173
211.31787105901782,15.336026433092464,540.0627840886017,13.534884131408415
182.02998352493893,16.971156348474292,234.9713709308816,16.124079534958327
76.53166190671415,13.666391514862408,149.32483852042512,13.947672840727902
149.98676296108124,16.95798407861963,363.30961433566137,17.19712241023845
237.0238960839026,20.25661148458881,444.76644443338085,18.921875401130723
157.56331008964474,15.866564332640053,439.5762599083473,17.50741132780344
212.78390783044267,18.372595104998837,353.4987807111295,17.92757495124087
128.84762063471223,19.2531585633588,161.00561267214567,18.819499511376996
129.54306218076755,17.499206000938045,197.53255262927902,17.122491459199946
100.07253087243005,16.051451895124686,183.4375914631042,16.157800198533266
153.41104532750964,17.35212983570439,397.14186064802146,16.540443487311407
179.13916520063833,16.697946741113242,402.31167954894175,17.24366529220678
223.70611544305686,19.920992576901085,346.07501848795084,16.576635823137714
130.0337943768045,16.67981670821019,275.90981710210525,12.919948665382098
107.73438076303667,15.785341332763235,247.11025585802443,15.605550320088653
123.72351047088422,16.91823957232848,214.99408614207564,14.300258418543995
94.70984517675308,16.06024226345362,238.68784684709647,16.570162813040824
200.4647300459769,14.634091290843797,572.0200380418339,13.980073681700734
196.84266380911706,16.30406765879297,408.17873458850676,16.018993651085538
112.73331152599691,16.95472566949595,295.8423395673169,18.295617559809706
158.3633266107353,17.799195894745967,305.6084747554018,18.571945876991357
187.19510945663123,17.94784864045387,398.9848226586885,14.858520937965043
156.9928232014739,17.022661473974164,387.4211340700534,16.36393437462613
155.2691308380658,16.6254500604686,349.94472842075976,14.768614839922758
130.55745367399265,18.04074674138389,174.75262473634962,13.992628777735447
137.32690249549478,18.746393457158284,166.18500108431132,18.322122762036866
103.42388163947578,11.623129996308426,278.59520204345057,10.995310169652733
217.47763994602562,19.60822539807161,466.8495167820968,20.19349347318047
205.91995770995055,15.205942067575846,509.7967320590384,13.240246772798965
178.7157166350165,15.364117452038172,369.2624036958505,13.80315090456331
162.45276522626875,17.02272911122524,338.29566370339006,13.717396306274615
158.1598988834936,17.02180016896044,398.1695358557172,15.334782346348863
103.7481170554675,13.746218855638613,95.5833114607327,14.747623263274134
147.5485149577143,18.2854125437392,373.7604577741233,16.53220239102739
117.71483557423298,13.625583529891344,291.15970448933086,14.576756480995865
146.83339958598475,16.793988026202296,305.2239010851955,16.701577694389727
184.89952198770104,18.51476187385189,400.7980797419249,18.452749943287532
37.9852198536293,10.915390408732513,108.97011076635607,10.892191039546631
157.29791604722735,15.222204948987374,269.043794305121,15.821625928510784
177.92584983233246,14.823915723295727,386.242987017494,13.149009728131483
117.41103490220995,19.117385835828472,109.24846461466757,19.971839047467228
189.91168904359986,15.314039366778797,405.1959591200496,14.972498984125254
130.59596953722996,19.539405140671164,163.31634029934787,19.274610938381095
129.86843912555503,16.89070945816276,235.6804105926836,18.301203625078756
123.435987572688,16.20147587337256,175.36041665395982,15.168738648128715
150.3164977905973,16.876329748002853,427.4991821322835,15.782727410619044
159.60541108008468,17.238450163330683,229.81748849679067,15.704772293006965
117.42242199364571,14.365461751574985,229.78957792109318,15.058184227856149
189.4836641669408,19.21181970044772,387.1177684860018,20.357281029918042
165.8554153769298,16.71082446102916,391.916579186869,15.909124389493595
115.20192861252224,15.772057948965625,173.96076988754342,14.420652738378006
254.11530169735974,20.090170048410947,473.93117185952514,19.519391518305
64.7021447975423,14.089422564166085,157.69894830718735,14.129406662195237
103.16559536988989,16.620687236333257,253.9785291114563,15.710061134971188
89.72410800867995,14.529266764977494,72.80165643747995,13.754983913778151
99.92906169977807,18.526158903496604,90.11977797313466,18.876994818173202
298.6431413429077,19.59456009746588,600,15.85461922180421
206.31761632321582,20.593651575716912,344.81683342129696,17.288813845433936
114.74153958505562,16.05397122092825,341.89502872055067,18.62786292141177
194.75749650237617,16.304115864157698,449.00338701122496,13.540598176713162
78.24935647841494,13.732179917691575,190.5985372824267,13.752697022500026
144.9790924837611,18.389248008973386,263.04843102890385,15.72097184083291
128.899896571126,14.019984575159214,288.74253536872794,12.448412858360664
221.11117815424168,20.564079009662567,198.56430109124963,20.411687879743017
230.4994460455964,21.49457893520612,449.92413879598104,19.051839286712237
173.95608824981986,17.591775063256335,322.0961788744275,17.974298708371435
167.91856682400996,21.074629908493712,210.5702479841294,19.55999334543464
140.5212221557357,16.050883329505062,292.31482863548786,17.3073566515448
183.08982760557637,17.14219945661215,463.7957464555027,16.18533476617767
147.28483892320705,14.576613977900402,325.28077792402684,15.557474428175713
166.4296334823299,17.025848892260576,462.57747908927684,15.567474210056922
104.26514839016062,16.260819012994407,111.57164732591355,18.119719012075194
150.16921359964556,17.331120638051317,212.65648635676715,16.09990395789318
112.85514774065709,17.053087615726106,153.98173144528275,15.455143516822393
181.54151785310154,16.259850052197365,407.86444750183546,14.103199860563162
222.74592002103074,20.741639903070535,192.4694301285933,20.06594777151136
171.33820256027977,15.929259555675797,348.56200511167003,14.383110685844958
163.2759055820388,17.89464402998837,306.60788951257666,20.22120439517203
158.03480976728204,14.701338124206488,339.44524766999933,13.487924367401174
146.5380007859941,13.641821363447347,330.80275572153863,15.55691778388493
138.49002393426588,17.483288751899124,259.48452399456534,14.751352672301
271.0124659086559,18.392826672760204,461.1097411063492,16.024426089011268
150.8434789502849,17.871974066057717,326.0493589351925,13.59392707685797
180.6355829484597,17.504807841346402,381.3961357274674,16.58745466385765
115.144649615191,14.930702853024973,251.87903976436516,15.89630533252717
244.39410345040287,19.973143262467314,234.5546661723697,18.558558535515132
171.6465990360248,14.064719183560754,319.2197330363108,13.66362890424357
137.53841695113206,19.15428841396716,243.9752434406026,17.743136633434474
121.01846839890187,14.229939955056462,253.40885662327398,16.27403515694261
96.16609806893644,14.968270000340873,277.05595823348125,17.117165837858725
82.48368081144318,16.84586319647777,176.74690341317674,16.6362086414627
185.63500672839325,18.24434764117068,387.2797404925411,18.286719380137345
131.56110248618813,18.299657096606712,269.9227871370854,16.0180134729729
137.76741707657496,17.34854709300744,146.9508636078601,15.785102839003008
103.99480875400809,17.709678187349713,116.71810775507785,17.831779559054375
189.7911732875694,15.495219119361305,300.63123578074266,17.20343028414253
157.96516193378272,15.034944349290027,300.3280221773783,13.486431153772662
101.06227669329303,16.584345892473024,165.30621718996628,17.85346636965892
65.04814103394102,13.625356885295961,225.76988042083883,17.558246376673804
198.78525302899791,19.371557051119687,361.9597294367578,18.68816882890217
216.15972984782383,19.80202697618453,457.2146392316452,16.683693161998573
103.38426173933438,15.06223761987829,368.74752267971456,14.658508716605045
110.87563853046532,13.463028229616818,265.51046188292196,15.977418625822654
165.626732178564,18.51298598279749,240.20903507359193,18.377794333984333
187.03999427815376,13.456251731864443,424.1862667316547,13.302079212772371
103.55153960672823,16.270801168141467,171.21314296921685,16.81968771565106
77.09274972830137,14.481651168896985,115.7303265871092,13.485742680744652
184.52566147450585,18.46503373108877,327.3473460972084,17.125813008880982
203.14185588198063,18.03858231025091,453.68589432430997,15.818205143573337
162.88757348911355,12.120229156276885,366.3158548905788,12.656004571835915
246.70479800090203,21.401689013084724,492.8267561396592,16.983547203949136
87.09763530207401,14.661046481858289,62.31669060919382,14.744184814727365
98.6879940054945,15.123702509057058,146.0072777194286,15.272553676540188
145.54757472484337,17.555627431324666,236.53028673175928,14.933041559791366
116.986008997636,15.388871452060464,189.41239756473925,15.245853344881379
186.80752072989335,16.700845717934367,296.8027450935529,18.21100945584145
139.08214801192466,20.257118681024483,213.49048468278215,18.774947270239863
209.2510542511985,16.09377536106908,517.6812147676452,14.791170025727228
116.68743655560941,12.636241497681596,136.1642720251228,13.923506999079486
128.29152094778203,16.334452145801404,295.04960523603614,15.952239913289525
195.03528956115701,19.216634010909345,476.1348713992491,19.500230501634167
129.1708148500449,11.677230216352626,333.0563703096023,15.519173315321126
177.29302677793373,17.767676228788822,405.62876170432105,17.451897327256283
191.93785337135594,18.888008317241315,342.365642229431,17.597040894958806
190.69544389967848,20.097622125395233,307.003298298105,18.026914739136007
91.11062858470012,14.499648021127133,187.72259621099968,13.139608749670009
141.8949054057371,16.545617035194873,169.7424971814668,15.764119897691675
193.45620067987934,15.056655804167889,439.3047247510693,15.802762810788282
121.73544772579228,12.870869800679502,245.272055134201,14.219692687894721
47.17504185250698,13.296521778371943,93.57368962077501,15.574262546159634
139.7448836267946,16.432681135941785,405.06427491609765,14.048797766039677
97.4974855980928,16.669344967932325,123.44123348926753,17.493908644400456
161.60666300960156,16.99671970736989,266.74292126501336,18.373434363402385
161.33021337685472,14.545912938633128,355.7810594589351,14.746584237784843
84.71488792393637,14.18671925992965,164.4523440410465,16.325734383081933
75.56372663435408,12.926730340798978,157.20496269266675,14.200916739029378
174.27100501935084,21.222635957527988,360.5364075802139,20.663965535847154
196.45187036441612,20.2043906937024,304.358057599516,17.346802169208495
205.06237016425587,17.631673487459988,419.2862180144229,16.22883471201223
93.8896959301771,18.42050751289481,152.62741534629632,17.653051721560452
150.1140098133933,14.107580097712553,386.56266439391374,16.560717959789635
142.2856378585541,20.011280890076215,300.25550851476436,18.70453995131922
141.93519410785072,14.652032096941294,251.2147967735584,14.720108617939582
256.62714918821575,17.865139260331805,550.3119014540886,14.67137415391215
172.24868154555216,19.80094759829592,305.6186281195372,17.597653411101003
121.46581065435026,14.462296694493112,395.5200426306749,13.816546890668988
90.8640088583456,12.684454174551362,216.33982226500578,13.919655044399125
128.94261506475505,17.01565930843803,177.63954758880274,17.799848391043476
147.6956791542344,18.90737363121638,127.13404639724097,17.619300546048827
126.84022081160482,13.461347390348994,371.6915794218943,15.945070981380605
288.71593177285,18.25307162742283,554.2894706782745,16.337812884611193
78.23359808099009,14.324642373541607,311.8296879620713,16.31082946281
127.75978610359657,14.208272268273834,354.3832221526709,15.186827352808756
155.3924797709717,18.40745312665687,254.237203875381,18.191755257281265
182.09414978139014,15.125001607867066,409.67933670210175,14.48158015191146
181.28750987303243,20.97316742995904,361.4107378972336,17.083358095780806
131.84225577821326,15.082618919099463,430.9815023858637,14.573374184049463
108.49153449990703,15.978135062884624,272.60158579712834,17.27143734865483
133.12379592714774,16.782024484512963,161.48166241195932,14.418455160116059
225.00812722323715,21.09346724525225,447.6146896268099,16.31001881223142
188.3331192529196,17.62862344658589,304.53953130280416,16.78087263962768
152.87345917101464,17.170000949732007,295.70974300435415,18.00019716829774
152.28749981678814,18.537561937657138,220.08449786563767,21.154852547508675
138.92949152586465,14.322182289938084,208.984486531519,10.573188633130346
142.47302697053908,16.103274629104515,360.92503472136104,16.951643066993054
129.90729390908172,17.92872135240199,196.0231647915764,16.359642971446615
191.68620066184369,16.16726068712996,434.70777073727504,15.228990968072498
175.76515449887623,19.6194364797322,129.74315087331976,17.702458821632632
110.54272237177112,14.706844896720362,283.35225990404234,12.415187436009639
243.15974640873247,18.5261632149234,385.6688207290067,16.41047833898585
117.88583190411904,15.380661706343318,357.724479646791,15.791970706998239
137.11959741771275,14.015994373832717,357.77822749804744,12.919410944110428
158.2401511410346,15.330472357721723,227.59172006394638,12.796838437164533
166.11399896659603,15.626480629672336,327.04317303061777,15.410100045085795
112.38580425383482,17.01054934394479,241.07918837442224,17.704324451421517
123.6874090575836,16.5018501878273,224.8688702752366,17.85683658994646
7.75,10.498710739001682,116.98760678894331,11.507240735480744
146.1901172238935,15.578544217988496,269.417692320282,13.807486333809072
117.58946216228577,13.359524038929738,284.12943236351924,13.032486026048307
172.48035820455576,17.101621832280173,326.59740955212504,15.53859985898202
122.81416516068862,14.090422174676114,285.8059776605139,15.03897497580824
168.3993242871183,16.96806464187682,296.14208924737403,18.211240396324385
126.9630788914048,17.871931370223862,184.02771398550647,17.446023735074373
139.9217644290178,16.59730613507448,444.11652770741034,16.527616978629226
197.46625909577705,17.71419566971342,482.5085202376423,15.927568216494556
139.336888775855,16.09852051053858,335.036527265755,14.523458900319431
91.05936548971141,13.913666593029179,126.0301428312101,14.730124914396004
106.08680839201016,13.779638321882778,196.36289427865327,12.839405070109388
87.1776632874083,15.240877455657508,229.22221366388038,15.531735508207131
158.74395395740206,16.319109589009052,275.108215025269,17.618540116256973
109.15765288401609,11.839055439291549,244.4311052325249,12.932966482012391
199.8438400095339,19.980552842801508,414.9010773768275,19.480132249415682
202.01562544569663,21.282283637671455,293.3963018501619,18.818302457885597
170.15071179726831,16.559506896917775,429.10124655587794,14.884063341871204
145.37354805470503,19.741161931318175,249.61269141094482,17.37223527527383
131.21147125846062,13.402102142282462,286.504144327742,14.770495592667274
169.0576661424477,14.991387835429364,350.3665214609238,14.501532964885639
92.28037401482112,16.515079911331114,134.66769062518458,16.55067980043968
125.83545509054517,18.915140317713494,166.98893127906888,20.424437238366977
202.9751703406805,17.812965689450014,415.52474064449456,17.47444839964655
156.17276899531853,16.310151096849104,377.5410515346508,16.62898936761768
123.68733134968322,16.656866838295162,252.1225635884681,15.833844136773017
133.93781438112353,18.19933643336307,318.7389099035935,16.84707214894551
117.20007578256471,18.541635957159315,228.98026203380348,19.13530913313123
97.04603079471094,15.296162452562736,334.19764998444157,14.940777675464028
87.88512083948953,11.267445366386834,224.90723021386106,14.659609632310657
129.33335598182148,16.07933005374799,153.35403778560314,16.980220572529852
147.20203362255825,16.060598356438746,347.79970513017054,17.466225425768975
134.9044603456848,15.517410174711657,394.50597279460476,15.357917154845438
108.82798441272911,15.865494969484875,260.1842422171242,14.312464946988545
152.9933179718297,14.355769632861929,226.91101293862064,13.285781793231815
172.9685973191351,19.372747719668276,343.8334419215618,18.811026531707235
194.63289483254235,17.9990394191739,306.6624334186679,16.305768797227927
181.51339665727932,17.03703497935853,356.1070006792737,16.772947564748645
171.98945821413116,16.221807452875225,437.97565202768,14.887638167975876
148.69088719174846,20.137081414088385,331.5881553088607,19.34069726582795
138.01624217745186,19.55068311511797,305.41617848660894,18.539592910846064
157.88947803373827,15.687879976862769,481.4153559246576,14.967790153236788
170.6378730431009,20.4928075982075,287.6491676402657,21.07830343396511
105.49562210545277,15.572904309842905,241.15509079962453,14.323599713332957
117.46152202612234,15.465622205082845,250.41625275159527,15.920822650201657
162.7677755523267,16.081687198654286,293.1123208531428,14.770467939519861
247.9282940345974,20.68397297266364,410.45912956094446,19.240574645113895
138.45563243565238,16.524474044824494,331.7697257100346,15.95487591221257
124.85330276183167,17.271309437186154,280.254031707271,17.197493069853003
136.44211126174852,15.456640055816617,261.0114017271473,15.906703638846505
179.1764717375171,17.3882305014818,209.19801130384565,19.628344318442615
75.71224539714694,15.97786100853633,210.0007878661986,13.462522824210815
161.38514855889872,18.027310401874242,267.4013854415654,18.118813711144455
101.95864894869842,16.371481418847317,320.03798649471713,14.91173415516144
180.11527589169606,15.981904672277484,345.3458824090094,16.06750989149744
186.26540109866357,18.55061330088139,442.94311532524114,17.309973952107583
130.16307216687017,19.389990492652807,104.90101148646548,17.047573414664946
87.93159591315768,13.375221673689063,269.2510849273209,14.795298559367499
128.87564263093913,18.705123543628446,284.2878141361343,15.45047783578045
102.46513569984701,16.232308751473848,111.81824804753627,17.117492105073882
175.19399415848534,19.19459900558373,200.02201163218078,17.793165500425008
144.13586063779525,16.221832162364155,251.7369718488268,16.403556193552774
120.13550088531693,17.01905498241272,271.46880902475294,17.795768616498805
102.40079673734029,14.323892186192088,211.70652092759238,17.841186586174192
191.28178400405037,16.91522645452526,330.28719301806717,15.845369529840708
174.01146720285692,14.215517686230864,304.5824130186856,14.794896223103777
122.34571201589918,16.64282279308432,286.2304934907954,15.431172839732593
200.92042551669923,17.592198573178045,358.3680135475421,13.660150890119912
186.9972441027494,17.190029882614173,384.60517459708115,17.137339776472274
171.09985661502822,14.489600002289883,406.1587498872821,11.493077325322925
153.31190520218672,15.776986179542345,386.0767728472934,12.37058775244414
146.09660985372847,15.218000402801042,401.7058271330396,14.343374186152282
185.63751026846944,19.98338158257543,423.9079559619224,17.288927581954926
74.15378448976787,17.12735060832101,177.5720986544729,19.85482510270404
219.1538006017108,14.61722159623297,550.832862826712,17.77904192534368
159.67248014785952,15.436451430112317,392.06460675625385,14.611160081455319
127.42336150957283,12.553927825977793,186.03750586719653,11.54589637330547
206.56404743988276,18.235282781200794,462.7463241661858,19.09749749743156
146.03960739569797,19.266053495984465,236.28740851741804,18.908595985501183
160.07687034299664,17.36778349695282,191.86655245865285,20.356638180859008
146.0443579183651,18.96552378886931,214.2534722337834,18.604175949685956
124.74048553549613,16.535204891737763,317.1134660607968,15.326005254105981
137.0882109525793,17.192558673051757,187.82609293192783,17.308047041215374
166.77519075250962,16.163386253458846,345.92315979816533,13.723300081039469
162.60383950178303,18.438947441968203,332.67492414831065,18.22741544806118
152.30057519802617,14.501874296580286,444.39054553311263,13.666434670220909
128.86460927596653,13.098981554270646,331.64468758227616,12.909866583711844
165.36022942675916,16.822253693809955,226.13392342129168,16.821377421543495
88.04454593552724,14.9507587380213,24.041571137762887,15.657300659912941
148.54924747105184,16.91380347233801,275.8469268374276,16.66639142597151
172.26616456215746,16.77981353900523,309.57298978455583,16.07682207215773
128.25976753475015,15.537180231599985,272.67895756218815,16.251189102442062
117.82849396828449,15.433099373202232,245.78132420408068,16.60046721549049
227.39524891529933,19.11081464922411,483.3058636665567,17.54503770737837
147.55546744775768,14.189185639873589,379.82413264333417,11.410396443238017
133.32065658765384,17.006241764993355,245.83366399683817,18.66048834218573
170.62333739939905,17.42762545951537,183.62500639219644,14.082830422236476
154.62442359660793,15.620817162658973,379.42440292346055,14.904421495871652
151.89318082286047,16.358023131191224,286.960177121287,16.618906743315982
185.9827226715657,17.415862764747484,555.340009432433,18.95509325160443
140.91744301329044,18.77800380586887,273.0377189764129,16.02446760461905
141.54782520554102,15.795750951440862,319.531112757939,15.76008073829906
145.22929465285995,14.523614639806198,308.93432206421306,16.03869044722056
251.62459709672737,20.480844971670564,473.4312530565114,19.759780492311837
157.1902705535379,17.342186173511866,190.6822147663135,14.990003940945627
108.02929870185899,14.897214781350266,265.8907241297459,13.860718316438987
161.68861930940832,18.155568357574616,289.86923185569293,17.324767608692557
161.43870721879756,15.686727312178306,302.29196309609716,13.144642200853756
74.02467999232249,13.208774338213814,153.02080891517832,12.245766617233858
135.8059838498454,15.6367134098167,344.62543764741383,17.806979179760148
131.85337454721991,16.921427389777552,277.848734781505,15.415556448237208
159.88284808435353,18.127380831576914,305.2761228791729,16.81575473046651
144.85423733945575,15.440215129617826,320.5463383176623,14.867608757296424
114.87808549284519,13.512466163878969,248.47104496550983,15.96348691046158
187.51573252993612,16.99679950709332,407.900424483072,17.958545167010726
109.03054378191268,17.066182782872396,337.1527966426715,17.047883471379276
163.42139872222037,15.93668484154702,221.83150437677023,15.655609810308047
179.9208055031166,17.123260419511517,200.98929797380237,18.83464066928987
62.50961448610177,17.2934872001939,34.88256387803114,17.262556452013992
144.0909172592254,17.49670036428526,272.45623526849954,15.882816044180462
99.60222671658876,13.447249393574102,212.738556423495,13.577845446452024
117.91599243411716,13.502986049459604,289.37300212139604,12.793382636545127
158.52707074768162,19.075036678091124,209.46524797609877,18.503796614990534
211.28764320728808,16.783698771339996,491.7718596718427,15.030355967251428
190.2789795542379,15.806080525492956,396.3312464746189,17.417155853518224
152.29921773639134,15.706354843242083,203.8845886606594,15.379253780910094
164.2714568390508,17.61716283591124,357.6084146208002,15.145074957006777
115.23516778271953,15.371594611527652,278.30276607366227,14.453520408342236
140.867733557442,17.729018185507556,260.50276887988724,16.52382955874148
158.63934419051037,19.73443220368518,407.71281802292555,17.93015605935274
132.23183234102657,16.377297261764145,282.43100784328044,16.725711390220884
152.15444957254905,14.317829311728499,317.6799219004181,12.99583732337572
92.77231473381953,14.896935362331279,167.4297838093834,17.565491375302294
212.54832467309603,18.35984229352064,480.82829963570776,15.731666854680935
97.37495985998773,14.30334821184637,240.7817636231647,13.980663821262674
138.64061401454512,17.099917004470914,236.94487759256384,15.053118736894373
156.65498042422078,20.26618541175627,280.84061598047896,18.653618404414217
107.3527720591595,10.722679366848325,343.2806855136187,11.899093911472148
226.1601761339029,18.681704157154392,365.0857802931547,16.260715975371795
154.71168158155237,16.107526794137172,472.39589714183967,17.255548193966384
185.21060330598453,16.403222224310113,344.82345856473785,15.704939457930097
178.78980218168334,19.729331013708634,367.9610298486201,17.705490933358924
169.1838608328665,15.124124310529307,253.20388521948806,13.962569559737199
154.1157849280844,15.563425828452221,282.588049621262,15.204546212054375
116.34063641768685,17.547432594152145,211.29081778297098,18.42575777523934
155.43196514658553,18.983650457751867,232.438492102346,18.018089251010416
27.780990432098815,13.386790411241494,90.09410478465124,14.704385231285073
151.22044317835395,16.345134823803058,374.4898028554236,16.668427646757586
176.21064113336584,17.150902139136253,340.4485553594377,18.641390714881297
210.09896933192545,17.924054585605937,427.5577129955592,17.367082346311314
130.31674783389167,18.788899020359736,266.5153662935898,19.738120945988683
82.06137620188768,15.335348606713453,216.61355937749497,16.54655510813047
187.93905524824024,16.603069888286555,448.7718832843936,16.597507816701267
125.85183942825925,17.609001645219138,185.63454644261483,16.16613014757626
125.80958433072522,11.997875049744767,230.85178888384237,11.182365701338927
168.90706502033805,19.385015026980913,385.8600248622357,18.412914373753683
111.2539201856958,14.318773236242322,258.20341784495884,15.520767598192895
185.49220824509078,15.284999814807739,354.92256441276123,14.314501869019992
191.55277641335,19.36232535586432,284.1707719394634,16.62887039702062
121.15151910138596,16.343743538847647,176.46032170996523,17.386854687640167
209.81325853592438,14.205833070703124,367.931496043261,13.436781375296217
175.94562055324073,18.783474103684547,418.2705279042732,17.066153181361166
178.25664707930224,14.030064684548803,361.8952868566242,14.722459683824601
180.16050281596824,16.838666388932673,385.1356881318226,17.112004032347023
195.38877875122643,18.759984510296924,414.3906472438263,16.332564878124344
191.3243129510584,15.473547190306935,440.08961601519974,13.297054213854171
125.65724776977193,13.085803680630256,290.5329215975732,15.90512888585844
160.744295666375,19.217244159133607,172.137296633717,18.16809218919652
127.22724015759356,17.48122945328587,97.12877892158015,17.8739432220692
211.977573804817,18.808821527952933,325.31204672016656,19.18975455555129
144.56721319814758,17.56868759371113,159.12031551289155,16.79517537157938
150.57365396347168,17.10975166252429,277.6735272127176,16.35585534771321
153.6129242472153,18.29748588918351,255.66804265725364,19.066321605357526
103.1358964844872,17.441987244534722,120.15007092709205,16.047690352712685
101.71079728974163,17.22622338797449,272.92385126641136,15.80288595698684
224.53064975257985,21.659899521542094,307.9444380600199,21.264207094927762
80.20890544408316,18.168907854055593,46.78451278340161,18.279579455606893
143.91114318082833,16.662876007105908,288.1027242583808,15.90281400462536
101.52382139561672,16.078036527655,230.61162077632906,14.667870584274656
120.66758541312564,16.107528630161017,308.131984343119,17.30113078496307
58.81951633066807,14.005114431249623,102.74379643693287,17.617485276755218
134.8727771642524,17.968424715763643,288.4554297097058,14.01986626754124
187.3427631452082,18.005304457724524,330.5943614217123,16.64412502060612
191.889738062512,15.30576553805119,486.6386119759084,15.751370239493248
140.75914119828482,17.85905906607904,262.16056271973156,16.220955387829765
212.6318230343706,17.918559734910485,513.3869978183831,15.89181293913315
93.82349238211133,16.738516786866043,109.67827723691096,16.727502456730438
133.61838657842625,17.808752476964944,112.8504565132766,19.182454250101305
201.41816678431687,20.83059273929135,331.9413165141846,18.216187367516415
158.98443756782262,17.688163804780363,199.2367103168022,17.098081716390077
146.21718362682816,16.1908554692557,324.5707810324537,14.782986403867813
187.31901379050112,14.89330806072702,497.7299291992616,14.405464017352609
145.2938495319378,18.086991426493086,376.3278455361731,16.55692018968901
142.39620249236663,14.707861873145252,374.9085615817761,13.959847872841486
152.5053302162669,18.654495351177268,291.3040488565758,16.19150963660495
207.38916458860567,20.77088681615958,289.0608880786213,22.023867624178674
149.2295079798756,15.796084139552608,231.67039931630654,14.82481171205005
89.21769471049322,12.288731091661385,287.1230691734512,14.04844229777719
82.22293075234614,14.800540017505512,192.91064131853227,16.350702013340683
189.40688728324056,16.876413914007447,528.0071686706251,16.09101430682457
141.25373906430386,14.950996478500013,382.889261657296,11.720941005284995
150.96777770578578,18.212057612105927,260.1020241961331,15.76471646801048
160.6850393533377,18.455643273249766,414.41917611492687,15.511341092552463
200.54545758765076,17.261828487470794,472.03105528676195,13.077689331408008
105.77488281901083,16.36890893759319,260.1196595913407,17.347868159938365
51.96511866913776,15.048592748383609,80.53353005867737,13.72567897579824
155.49057478688064,18.29953129806306,279.28096585681254,19.076095946591213
88.04935038435681,11.202791971874065,184.40467178395016,12.918083882601705
165.84494602611667,16.738587596163754,304.6099936800343,15.86109721075659
48.6330232636104,12.869263218914053,116.47331722312627,16.059492490124082
174.0897048405565,18.38937478352635,383.7270112541523,18.39749899294601
236.53475780345866,19.525458185467663,462.52944280339983,16.8366147650674
54.70140857790004,12.71679013038933,124.77844191071671,17.094352331418985
209.65517204153917,21.28903897796954,307.68358373769615,19.701321779635546
189.67203714550448,15.522925434580586,289.45163728941054,16.073298892164466
157.2067039091414,15.830409554747195,325.36989682008857,17.570709106916485
177.57185620819857,16.89148009361216,277.1130105019114,19.130924794556883
196.40584190297577,20.13482336032869,445.42371235413106,19.113114613827634
214.93259131129096,22.65230430769109,331.752623974132,19.566550369384977
166.27946382080256,15.759504301233164,357.70552535126683,14.223832174925015
148.565739294422,18.33668252505359,336.7907217830608,17.830959446097125
151.54338972526617,14.999544419228727,488.3453138566277,15.522629102430857
142.14656896991346,12.335058069895053,309.2333433443616,14.903857932910487
144.88063956713208,19.958303434077372,381.01782290658207,18.994526344585047
177.43430447277763,21.16078185784983,343.0809626484906,17.0495713502156
157.7618662555162,20.519464087841953,274.8080682675462,17.20748470837199
225.18027680451723,17.304940991840184,433.0531608579193,18.056554395190496
189.6773360255694,14.632642497970249,362.95186895593406,13.485865691942546
199.98356491307712,15.510388679568269,320.10740789465194,14.570160169802007
170.96819590111033,19.064346652096894,308.5522530549061,17.915796050678793
157.13072271811416,16.085018006877345,383.3352414133387,15.875938654481132
130.34550502773726,15.872651917201221,214.39744518031375,15.640002983841995
198.2938820404546,17.850656476470053,360.43753330267225,18.064721767772085
201.92450486756834,15.191427474129927,319.02089927948856,13.78554742325997
80.03000265498328,13.992693030178224,126.91461248454449,14.87333879742945
142.75733082236235,18.105886316972516,244.1005363757854,16.298470836865004
213.49938781234002,18.474470161297674,453.4446355351327,16.867224792834328
176.92736004955032,16.762764416780495,314.27438851338127,17.31854930417164
167.6121448682096,18.717929338255537,407.8566083097667,16.83359687372566
160.75922674154447,20.438157617599053,202.93654119572122,21.012358668451967
151.9549197902909,14.988165950663944,382.2562268631187,14.885257239844414
161.24673867455752,17.937321064608064,282.5197094266,19.450426046081834
144.7345295734477,16.051922388780888,255.1708024180681,14.453308401631972
94.14729415352065,16.78438828021904,141.28373394504416,16.712995234829144
163.7452117058847,18.161040050946355,463.0111959318464,18.59550967508887
151.92737591519,18.374867767388192,273.05832172476585,16.21806467945304
195.7665430484488,18.981651701312813,345.1971850860333,16.979544479161945
182.82873711698136,19.828016013712187,181.4669211402856,19.86272741388222
133.44777216986978,15.916901904434084,396.8417324832788,15.846713436280584
198.59766599114482,18.801399864929408,347.8196164975955,17.37077571989967
80.31655633630962,11.956326371189746,158.3828876867832,12.292481373941103
99.58562047774545,16.3760373302067,207.4874528221511,18.13918238480436
245.64361156325705,17.225577853671965,478.52402417395723,15.284976381565375
154.0664767424501,12.575306896093648,434.72861552803516,11.376129877721585
105.49110365108577,18.276572911546364,212.7974661848108,19.232876738239803
167.95419650318743,20.073190092648446,284.87965797790633,16.206089638224928
96.68102170705917,16.29097792122627,234.32120348273222,15.948079513190919
174.50916380819868,15.542229813526061,218.22008457465364,13.904220063288783
155.13535928849987,17.43837080366793,384.5007241528734,17.719245874165054
154.23300120649313,17.76521879711527,338.55557709815497,17.635627762375726
166.87109276398493,18.338611570237006,310.897391045799,14.402683706608784
219.98880590980085,20.901436377262932,283.68979884830964,20.34614121815899
164.11502271886062,16.27283031728832,341.83997727290097,14.043220403203978
164.3600112191287,18.531864136897266,282.5974890680136,17.942233027686367
151.39533290881306,18.138056059391307,198.85964422908876,16.97101624270314
136.13725840861383,15.424150410911011,249.8514100009803,15.957423781334231
124.01342914354571,17.008596763145306,169.55052832360502,16.583680051018547
121.29354695844611,15.689038920744542,241.911615405455,17.121311649094636
177.758021655679,14.039845724132807,432.0339557555699,15.502570692872393
180.82050955025235,14.920007833939998,375.9770084868804,12.5654161478552
163.4325972985454,17.865519660798476,244.8677179574512,16.286550808063875
94.78165817392437,12.246069482939472,172.77898356037358,14.29372557633644
201.91757682850866,19.454366816025537,341.9971450348957,20.12346406693427
97.73081597533714,18.468749074402325,224.49345879329246,18.60773936611013
247.9761573700791,21.35636401388301,424.0555485883057,21.06295031004754
139.6156413440049,17.888963223902778,257.7460218148028,14.747653131069024
183.18843358323088,18.318654145910095,334.71628855032867,16.362194403636913
119.23446492995228,16.10362148500758,278.31787994055304,16.943730106048875
123.95362366764493,17.94467960239769,268.0001191800562,17.187092045990525
134.2555483017149,17.567459239500074,306.696186453191,18.71630946701456
150.75396632118157,17.50851275692422,148.91973028494385,17.65349947394405
175.74210033155882,17.600857484117512,290.01691753912803,15.239049803272938
180.83292728336195,16.2649571735516,402.3417238348251,17.14604373266411
221.69971797125797,17.494195738456213,493.85557611703086,16.780222501375768
145.1332145088396,18.36799389821506,264.38376605907547,17.171414058686732
85.91385228601807,11.564162860558556,209.54685198710274,14.66388231180667
182.96805662336365,17.460779409351545,390.64482641698834,17.183734023594454
132.6074272633812,15.387746113869413,290.55568029027074,14.655128535091485
99.54968501595525,15.990619110997798,207.69807193574823,16.183378970845503
180.61244083456023,14.643333680601192,382.13561759579454,14.147888219546543
198.83337682502483,18.573339829884198,390.47694781276016,17.84424492651317
200.53969126536597,14.87399694925761,493.170732975014,15.7105834597571
192.87704500944776,17.44965927977217,409.87915193930735,16.794118357352435
184.19958007595994,20.8131640770285,494.8722711876369,18.528236541457098
151.15160740096778,16.36192363697431,297.00642379336915,16.049538547506405
95.59686873007446,14.471284408309227,240.83212149368651,15.855619525009876
117.54329925634788,16.445251834515084,155.76777362200076,17.38771637847181
173.5983174626318,17.572575438917386,237.54456321666854,15.92760279606087
58.21651356686439,13.375162626921473,154.83480658784023,13.782809268253677
93.80349437020769,13.77414678045891,229.4920128573225,15.666021230176323
117.3065313732362,17.923761873752056,187.94592570000543,18.200943895475802
202.05472423341143,21.50830100358285,265.32971344000254,19.305941733141733
133.78971585992116,17.69793741777449,351.5991379192529,18.267489788773815
137.07856156428556,11.736559249417938,349.80986626046246,11.734307061771258
107.78336304127578,15.860425506369456,247.1028396289852,16.3880737132651
140.6018904126458,18.219801437883028,142.70792185172104,18.247239736206183
151.84317670563857,16.613476542590455,282.66045528473734,14.856565784006401
55.016746797312635,14.96894899656273,124.86971431331766,13.853671787613106
138.61552029090652,17.31795603345291,176.21218416596844,14.440021846726154
108.11376633554411,14.233282759574456,269.78832281467584,14.9319927682794
172.89837427767037,15.727203845222455,420.83799068996,13.804458160777054
71.55957381429633,15.609245340788195,56.64877039512395,14.666873228455426
221.2956962314739,21.433036372310383,453.05595175627826,19.7083775249342
131.88899609296078,15.092598606596193,284.87430835827683,15.662357215999668
171.07274283953666,17.352340732176994,395.4277968085431,17.87043735609675
182.7812809952542,16.191736282670583,447.496580300719,15.900538261603048
172.71598055616198,18.273705830461537,324.0266693276686,19.148820626366714
140.30412434903994,15.772836732753525,226.76375096112537,12.660278881357776
167.98742437174946,16.106557795717002,273.6728817239627,15.535939617109857
138.45124196407235,19.35149104486142,157.82529281587526,18.533434411430257
148.01496611092912,17.585317875429652,225.5805315777906,14.777908462811904
93.47580643130078,16.425815908114075,135.94117341422518,18.182406437455064
203.58406148236043,17.123244909283365,397.7406338622278,17.99076918045363
196.23312608272605,18.09354522482883,340.12259963453295,20.112865460424107
136.20411020503366,15.65932764309531,136.2425343291598,15.429634395164111
242.6706171050259,22.044577998760655,509.403339344971,18.193197309964518
123.87326259627582,18.58152298878652,204.75764666414204,16.717756841473893
161.3654613224184,17.650830738973095,298.9583563223839,17.202049222051425
108.44347967698354,17.185723925986494,102.16107659338367,17.91902396089567
235.3599471503794,18.462683427383677,459.0817113582255,16.96630374103204
120.80709045738725,12.713892334863242,343.59635723790836,12.100346344173872
188.29032032128202,15.879974979474593,249.96840418670502,16.96624970235372
147.78925458002112,17.956334832997477,274.56384287636484,18.225019881138195
221.45114680856884,22.295747879024184,518.223103100699,18.82998913105505
210.02510307479466,20.28681562262439,269.8643670730244,21.075932516663528
212.93425946296327,17.586655160616832,379.56283500920307,15.694847865075364
86.3150422166916,14.663481537933418,181.69249424882946,15.486148252425012
155.77088643375217,19.131527552902295,328.45633886173187,18.072443794265283
160.41518199393775,15.950307468726464,251.20445858051477,17.620105470649627
195.826926377162,17.493584966162217,441.5361851768147,14.688878330739307
133.40198169912355,18.287667386420836,221.34490390999403,18.069112059806564
155.47007286438932,18.492011105828652,257.30691135660834,18.980636495974395
150.8148825288549,13.598045689706096,310.93398213576614,15.818508844057883
132.08948903156625,16.53620107349802,250.7508625801116,14.743329953144151
138.18845540829943,15.902016367148757,344.04726151929697,15.3917212054892
157.21365313973314,17.611383580781418,243.31762746441345,16.912284144892748
172.1503669077039,16.833392289763847,373.3359269680845,14.719368156155422
119.41783282053488,18.660065088411095,267.7908788148458,15.500524461435464
203.00701240943968,19.192144774832805,324.8288981695636,20.597442467239404
134.82516867557518,16.194508928338973,243.2159547418097,16.834468592093334
231.8280518019819,17.286542676513857,404.25645742773565,16.41513232038292
126.62906536301236,14.860116939400902,284.4157047703055,14.560092414259804
138.10665535804443,17.560673882433452,253.64695000037923,16.48850070611256
185.94616149225854,22.25158240434328,257.4447026160535,20.424401635195398
165.47480605461783,15.451789891894808,401.2163737926939,16.170021113196412
163.28047741869108,12.887923536919057,436.2795526521622,11.232299817613521
122.82696391303585,16.925272840372205,94.1393412922032,17.10968189284367
212.36220421601482,18.322318774937287,405.7882112730079,15.952620172196575
46.60337710733082,13.828809252724572,130.5506049454423,16.657041381006742
164.90530568916003,16.697177910434764,245.44772707346365,17.13460195795821
180.134168771696,19.73019581856628,329.80388455838926,15.856762866002112
214.3858952277197,20.751372960702174,429.95805098612686,19.272258662251865
124.63527511059387,15.344671960918564,238.87663749997688,16.477779483250867
131.18751442387418,14.89048165064327,297.1668895788206,16.5555694301203
143.4737021336952,18.761443246091012,270.0502016110982,19.667568096693966
115.07495525192904,12.090210630794767,269.28885214681685,10.515617587378653
91.26455133018345,16.631546864130044,217.87503981737245,18.951101494049112
208.23334339754206,19.831056473777203,361.4818995673001,17.985473683516275
176.33500860715773,18.96535633677447,332.1016116529917,16.50886614046915
171.23373676273437,16.692842136952994,401.6600588231491,16.63857925129685
98.07049969942139,12.477563445032633,227.34194918840663,13.239628139246333
120.73379802226003,17.086095929937564,214.17337553532047,15.621352688054158
215.12069882326873,15.856812987581103,482.4481567397696,15.527556532494186
160.6174103611455,17.050645991527826,399.2835668123745,15.464580270616587
137.14841737304002,16.034612620523284,400.5179718462498,14.610732497314768
191.47825177471782,18.39289898680382,261.31476737855184,19.284586997122837
149.5466393914864,18.313861373967733,389.71246601873656,19.162928978390333
139.38705299778817,17.81432266405715,263.54953916876076,16.913355264641602
201.7358230964545,15.865128881489929,444.51344888515473,12.908414142487935
135.8853268103168,14.611140845179202,266.27205475337286,16.470990041619025
170.11141158801786,16.963389812482053,352.3258950444956,15.643116471188772
117.68497466097274,14.242612529233343,295.6394296226173,14.541808626531836
104.6926416977816,15.389157859326412,133.29658548573724,15.809478394613581
53.79659809849264,14.384837791249902,136.52720187869986,15.280184548565995
142.54643512300075,18.848229190664,260.5123251785647,17.446232162843817
218.51656061429372,17.992760404373932,402.0767572784722,18.08198063536664
84.95794808293566,17.305806117577028,135.54174868427245,18.754323990063234
137.01808691818707,13.769157049499004,267.44227109988645,12.763083223744667
163.69597155182046,19.233698262163937,329.56895202413716,18.80995983068674
178.28801142603058,14.517536260527606,484.8835765512556,15.837357025295766
156.93721862033485,14.793954430449311,276.93468499804345,16.55312600735398
159.7849097954536,12.988396354704395,293.27116056550796,14.579130344406291
145.6455158404947,13.847214574398418,342.66761866835753,12.017241279915511
115.51595532597268,14.21753857009675,277.64998158390875,12.849634212279707
164.04728047468083,18.830181683229437,399.6306241041854,20.26593222522267
156.75613829380524,18.355558029084946,325.9766383345874,19.216878245237332
164.1259111230552,16.956415246543628,197.2288664480461,17.182406192453538
214.2518257573353,19.56776110642567,476.5638659118367,19.659067143614816
124.76100221046305,14.483284316121047,131.86192157241132,16.158850380771604
157.31471211839937,19.448208018955704,157.594731665932,21.03859164226492
107.24262350738086,18.647658672184274,272.81266124727983,16.696730849718037
143.33073520363868,14.102560892695227,358.07292043752693,15.976553677070338
67.9874672614861,10,246.10124193385562,11.949219741600812
155.7283600350759,18.901048290907546,290.9580868544741,16.433944566038587
166.13670928621394,17.086582783519216,374.93550694464466,19.8287930462388
123.71192116917862,16.356068257345502,370.2500216989242,12.90313779354823
189.92281113748896,13.782778083438785,476.2465567548533,14.829786524730519
178.64598667249433,18.231984122941093,369.30051600000183,16.717344039804487
185.6505461170297,15.105355545965228,309.34165269577335,14.245843729259887
168.7226114519221,16.86897560312834,357.9910862136642,18.723827855749786
151.54576757343511,17.682587740625625,163.33908629576155,16.010232579940183
225.81286220647672,22.265862618271058,369.79092479584847,19.474920840478397
171.47106248986557,15.300821025475635,433.9499531582212,15.45876298252583
97.64416700514917,15.009747123824507,118.64155522469864,13.240839909725887
173.82599831237587,17.018439689257438,430.9990028180431,11.908353195389566
100.78948190035155,15.364941276090047,169.27537021769515,13.296639857733132
165.14615477119798,17.969884407130177,165.08684085530462,15.333877738492648
212.93154025088364,18.2558718316974,435.2017039441133,18.566573131595895
128.09606148804767,16.08066107922402,221.05196600724094,17.308184174852183
131.75728704815532,18.37141990270561,238.40271771888888,14.645897068870887
127.71436289938985,12.633125112912463,396.44434942338506,14.550993189668084
132.7681209338175,16.850821449877543,222.04874372387368,15.703926046659078
113.53789027924614,16.486799479792616,201.47248448524297,16.016474644792126
213.27844563303356,20.23414830781693,349.4866206637924,17.952423256192336
199.21982907123902,14.407336429914544,400.28559686190283,13.901623564481962
162.78347419413993,16.363844269672793,307.02264010756073,17.686490770150275
87.37093881337113,12.973627621048994,230.6210515113543,14.54629591694822
171.67660931542332,19.54667735160386,325.28293717444507,18.70244998311528
168.02589178539264,18.23046358456826,339.9733127091903,15.906814280102802
170.3070734155888,18.25096691520398,371.75671764286227,16.348807771793048
208.28296697256985,16.925894938843122,392.0219506178842,16.52754019278785
181.60539263140237,17.043199292671304,227.06369312505836,16.47365058659271
135.21667540839474,18.523264178426082,235.50646669572959,17.46479477376702
165.5458578566265,19.758931322398027,274.8217592506975,17.885907340479662
81.98735228969244,16.535734671644246,217.8918926623758,17.458116662268505
93.34718887799005,15.058155532402466,203.1010378738882,13.785238757988353
113.89188734635557,15.632076118664717,233.39949643200404,14.90905043019698
199.73202885515107,19.76763941792077,369.2613924511257,16.744939549743254
123.43104748050528,15.883669057190382,145.38082037248424,15.81248544979118
177.16859696177127,18.12108694109355,228.64190592577884,17.04611289052928
142.76190296741817,16.105931321916223,309.8898934800162,17.18063427515143
181.12800448178305,14.851568574620408,381.17026935184566,14.712163835992307
134.53564136702732,18.41220677480584,217.4167535740186,15.440522452276529
138.7962139840464,14.088019059965351,286.28130809424374,14.507371213190645
93.30589873346673,10.969006011180333,242.58087600501008,13.531349712526875
188.68122107009268,18.336691605747596,305.3589632950691,16.367812775344074
135.47831545196834,13.923719052991075,235.4350577974066,16.496672285952037
141.8435889002005,14.941375893904112,280.82632254270885,15.633298228437647
178.88333283752206,16.456707058660868,372.7607504938327,17.826173729904397
181.4466446670055,18.73167415302114,504.69029024302966,19.305906352218855
123.68069881406173,14.64369659047291,332.2388786235663,15.06178983786113
195.24527813095742,18.569321951678827,257.5157676178883,16.862872129036376
179.62092107908424,16.495325646041934,313.7474012965874,12.945232616069678
151.8436421090731,18.13396392547772,240.02220654412966,16.312595998325172
202.7211888242182,20.07874569812232,416.7751425666408,18.54296820010563
181.26210433282006,18.147395904545746,391.3692418768359,16.22414433458427
211.09430016249195,16.47785851797648,557.0151079905155,14.383221814324568
179.63965392247843,19.559494723765024,371.5371892655432,19.72013835025644
300,23,572.1559452187827,20.8799977542347
201.3736112927861,19.25537830071425,499.1481169808485,18.74842341501951
159.07074362658378,21.93481660054786,251.01520812898818,19.18319114761097
180.7788216970262,18.15469867051154,319.3088921960437,18.820702560684794
135.1070800937839,17.431226347910766,166.75936943602423,20.366028343213152
154.53682668139402,17.612440891280684,404.40606879162885,17.358481885535753
202.92302128193558,20.609184838158093,470.1342816692451,16.099184765602587
168.8925793530155,16.448255372081988,340.83139282670317,19.329823769353546
114.42060203284214,16.117985753346368,252.50592814378226,14.361823288481673
172.80040320716597,17.072920716094014,303.3649853752737,18.850304488335677
162.26989856349851,15.427317158314043,335.60060226962025,13.595070023505984
164.6262293421972,16.77267298225271,268.7043825425685,17.240566772874068
51.39879322189235,12.382524917190795,157.81472125028915,13.945263386017558
79.11689666372536,15.707100240983113,280.6622693715314,15.375915526934303
79.77491338873362,14.736930561715063,65.46157030264257,15.595801660968776
226.99475452129295,20.378034125412206,358.02685099328335,19.285375610725147
152.18702442969328,18.93946561334422,322.50759779314495,18.515179552109664
204.88212352996518,17.448051037053954,360.51821425497616,17.111171664520988
178.87270064507217,17.901980973541562,296.1225907410075,16.544715735959517
129.09495216382055,19.296385385668387,316.8994549328213,19.150877200449184
113.06742268115512,17.449064859757158,176.8686495815185,20.246183681386746
150.1211101008658,14.275942697698198,393.00332698666193,14.266477233157714
159.12053343975583,20.20361706280869,183.46276067317464,23
88.16117991418557,13.886055726065255,314.41426840471445,14.94243032999961
106.26047480354619,12.00973513539572,359.46152533385833,12.117111708463645
137.38954858821467,17.65605967950848,402.65735976420984,17.854030236847837
127.80046197293227,17.890277271000073,87.62307554542342,17.45296538991983
229.64694467096902,17.729561283772686,298.900718224163,17.54156790045006
201.3393856691068,17.05066373686964,393.1790699530392,15.404308820289616
157.1495088479734,14.883226695690233,461.2904747613073,11.446058941455417
166.0035726752949,14.542571994372869,292.7002724152534,16.201575242118896
155.69360377729407,18.02284382639815,278.5755121368006,16.73941333092327
199.07462320697462,18.885768673919202,346.64554938870776,15.543786160946661
178.7638104682249,18.889398230166933,385.0639038606767,17.75627994119666
