ID,Income,Wages,received_scholarship,assigned_scholarship
0001,7718.09,589523.5845089578,TRUE,TRUE
0002,38194.56,712958.5847188972,FALSE,TRUE
0003,39446.19,800438.4383636899,TRUE,TRUE
0004,14775.09,724661.9624454712,TRUE,TRUE
0005,43676.25,702556.6176026495,FALSE,FALSE
0006,17573.43,660817.2108028727,TRUE,TRUE
0007,58923.79,784634.6635837294,FALSE,FALSE
0008,16690.25,717882.0606047172,TRUE,TRUE
0009,19449.78,793242.6161699587,TRUE,TRUE
0010,2441.3,644386.9141246779,TRUE,TRUE
0011,31599.69,718050.2022242465,TRUE,TRUE
0012,58105.85,782703.6410285737,FALSE,FALSE
0013,27359.38,920097.473596224,TRUE,TRUE
0014,30450.34,723191.8043200896,TRUE,TRUE
0015,49761.71,526912.7963088787,TRUE,FALSE
0016,16244.5,868985.6402775066,TRUE,TRUE
0017,33374.38,593459.3099544604,TRUE,TRUE
0018,19184.56,774833.3482434464,TRUE,TRUE
0019,30122.77,640607.7597830901,TRUE,TRUE
0020,29085.33,704134.5625403469,TRUE,TRUE
0021,5012.86,632216.3055479487,TRUE,TRUE
0022,30279.77,644945.7382104434,TRUE,TRUE
0023,30242,829266.6706857586,TRUE,TRUE
0024,48914.45,720845.5314022029,TRUE,FALSE
0025,60519.04,490902.0694383272,FALSE,FALSE
0026,203525.1,1155562.8491101754,FALSE,FALSE
0027,94910.07,917227.4668497047,FALSE,FALSE
0028,4744.25,621890.7058644237,TRUE,TRUE
0029,76010.46,777411.9078345922,FALSE,FALSE
0030,9533.69,748779.1433292045,TRUE,TRUE
0031,69303.44,750226.2235711236,FALSE,FALSE
0032,19131.76,527798.2086391926,TRUE,TRUE
0033,10966.44,729566.2551726272,TRUE,TRUE
0034,8853.76,682739.0051318319,TRUE,TRUE
0035,18540.86,589158.1274645126,TRUE,TRUE
0036,48030.9,549930.0149711703,TRUE,FALSE
0037,34147.77,712111.0538960085,FALSE,TRUE
0038,13166.82,932278.3856995831,TRUE,TRUE
0039,10289.35,709387.7805351907,TRUE,TRUE
0040,106702,873661.0830653638,FALSE,FALSE
0041,29814.01,688117.947714011,TRUE,TRUE
0042,38982.47,904549.6510372682,TRUE,TRUE
0043,25433.81,822252.2925047902,TRUE,TRUE
0044,71406.27,775698.6041399038,FALSE,FALSE
0045,38807.94,669508.0013780694,FALSE,TRUE
0046,30169.08,691882.8062317678,TRUE,TRUE
0047,19880.6,653506.8701901713,TRUE,TRUE
0048,38493.97,700083.0595513849,TRUE,TRUE
0049,34206.94,658852.984782066,TRUE,TRUE
0050,34933.48,744807.6439333982,TRUE,TRUE
0051,14552.58,654054.0713537828,TRUE,TRUE
0052,14893.79,630393.6606903169,TRUE,TRUE
0053,149638.09,1002939.4020278462,FALSE,FALSE
0054,33491.68,462024.8873769473,TRUE,TRUE
0055,34870.41,588401.996825644,TRUE,TRUE
0056,14340.73,700005.0812981194,TRUE,TRUE
0057,25894.11,828999.6186025385,TRUE,TRUE
0058,19930.07,777846.0000917342,TRUE,TRUE
0059,44984.61,543947.2675064303,FALSE,FALSE
0060,20946.09,708026.4873410434,TRUE,TRUE
0061,33870.47,724593.3761533089,TRUE,TRUE
0062,18697.15,708112.1790810412,TRUE,TRUE
0063,36576.62,652576.8767589979,TRUE,TRUE
0064,86338.98,827540.0666823098,FALSE,FALSE
0065,59547.11,581070.2223176521,FALSE,FALSE
0066,19088.75,701284.5989697403,TRUE,TRUE
0067,119200.93,950071.5864811302,FALSE,FALSE
0068,66278.14,764094.36471306,FALSE,FALSE
0069,56849.65,627931.039490438,FALSE,FALSE
0070,47142.53,418122.3560380272,TRUE,FALSE
0071,39363.22,797777.9025780767,TRUE,TRUE
0072,31768.03,680791.5235568673,TRUE,TRUE
0073,50603.1,669861.5562940578,FALSE,FALSE
0074,47102.38,705637.3875225943,TRUE,FALSE
0075,24352.7,781204.3011319427,TRUE,TRUE
0076,34229.81,770929.7089844234,TRUE,TRUE
0077,12062.54,691698.451208137,TRUE,TRUE
0078,77683.67,771785.3836487065,FALSE,FALSE
0079,44284.17,783634.9158754983,TRUE,FALSE
0080,60804.98,604150.1750748605,FALSE,FALSE
0081,34000.24,718744.9475215462,TRUE,TRUE
0082,54409.22,691675.2672073656,FALSE,FALSE
0083,30550.27,805214.0121709446,FALSE,TRUE
0084,53812.68,826802.1015605455,FALSE,FALSE
0085,7262.56,718577.0805745071,TRUE,TRUE
0086,13626.03,685905.7106846757,TRUE,TRUE
0087,29359.82,805790.0264721196,TRUE,TRUE
0088,15440.18,859926.2232657991,TRUE,TRUE
0089,101594.62,840231.1682654358,FALSE,FALSE
0090,51199.72,589072.8613771935,FALSE,FALSE
0091,91322.47,773905.4427403163,FALSE,FALSE
0092,31993.1,852336.5280416568,TRUE,TRUE
0093,16527.08,630847.0918421855,TRUE,TRUE
0094,34015.52,922830.2747379693,TRUE,TRUE
0095,135078.83,968699.3423501286,FALSE,FALSE
0096,16682.67,596998.4027311741,TRUE,TRUE
0097,25792,698541.0168653892,TRUE,TRUE
0098,47622.05,703400.0219213841,FALSE,FALSE
0099,27402.76,610776.2315664581,TRUE,TRUE
0100,56708.39,451428.75085995975,FALSE,FALSE
0101,24885.71,748748.44970875,TRUE,TRUE
0102,37138.57,762413.4306388967,TRUE,TRUE
0103,43682.66,851229.1502355089,TRUE,FALSE
0104,39117.21,825407.0298656297,FALSE,TRUE
0105,21471.14,710506.8956012682,TRUE,TRUE
0106,26651.4,614592.9849068921,TRUE,TRUE
0107,12385.76,693669.3444239764,TRUE,TRUE
0108,50703.36,695375.613312766,FALSE,FALSE
0109,42722.64,630315.5283253823,TRUE,FALSE
0110,24547.67,591189.1042279542,TRUE,TRUE
0111,12477.36,880124.6268496921,TRUE,TRUE
0112,58542.33,757539.0612324515,FALSE,FALSE
0113,62585.66,755891.8850431794,FALSE,FALSE
0114,10180.39,867708.8080056786,TRUE,TRUE
0115,25683.73,694380.8956333476,TRUE,TRUE
0116,74395.12,686519.1271534855,FALSE,FALSE
0117,66107.95,759556.8158333091,FALSE,FALSE
0118,12632.79,804528.2356597917,TRUE,TRUE
0119,22655.75,696113.578902333,TRUE,TRUE
0120,24715.45,782480.7464018959,TRUE,TRUE
0121,31068.61,627421.991444232,TRUE,TRUE
0122,22404.9,625519.2463005069,TRUE,TRUE
0123,41549.55,443264.14364838984,TRUE,FALSE
0124,2842.45,673261.6390023777,TRUE,TRUE
0125,8787.76,843704.6708644611,TRUE,TRUE
0126,81526.7,730117.2694901233,FALSE,FALSE
0127,47008.71,752807.9895181259,TRUE,FALSE
0128,50634.03,554531.3162292952,FALSE,FALSE
0129,33676.39,679139.6160701561,TRUE,TRUE
0130,20176.18,666111.7157827092,TRUE,TRUE
0131,40994.11,762845.4477731342,TRUE,FALSE
0132,56508.9,780771.486762655,FALSE,FALSE
0133,98267.28,1006218.6862146179,FALSE,FALSE
0134,65471.27,768934.5613606931,FALSE,FALSE
0135,18832.61,640801.5474034215,TRUE,TRUE
0136,6873.7,551066.492219591,TRUE,TRUE
0137,18267.61,824360.5548702403,TRUE,TRUE
0138,129308.9,767322.08815153,FALSE,FALSE
0139,12274.13,660712.36772258,TRUE,TRUE
0140,38120.32,758431.5280958487,TRUE,TRUE
0141,51518.96,736795.972717737,FALSE,FALSE
0142,92104.32,971799.5266460807,FALSE,FALSE
0143,63433.97,509719.9592913118,FALSE,FALSE
0144,30805.43,821787.0243727273,TRUE,TRUE
0145,8911.67,738025.3428226762,TRUE,TRUE
0146,71303.46,641006.4897186698,FALSE,FALSE
0147,7167.16,956161.1850112611,TRUE,TRUE
0148,68561.46,751056.4894486802,FALSE,FALSE
0149,77134.02,701969.6025134693,FALSE,FALSE
0150,40878.11,586894.5228863097,TRUE,FALSE
0151,78672.78,644031.2185497809,FALSE,FALSE
0152,35838.8,797592.359775189,TRUE,TRUE
0153,66124.46,727014.8596760824,FALSE,FALSE
0154,30110.1,821771.2695020819,FALSE,TRUE
0155,33500.95,931296.9378160798,TRUE,TRUE
0156,38711.72,704525.460667115,TRUE,TRUE
0157,1917.54,776324.3467048212,TRUE,TRUE
0158,144110.93,776740.1323111763,FALSE,FALSE
0159,48887.68,528902.9805170511,FALSE,FALSE
0160,15579.12,699360.5235741799,TRUE,TRUE
0161,3205.57,733050.0665881417,TRUE,TRUE
0162,23648.46,733598.0668043761,TRUE,TRUE
0163,12500.25,641726.3128328243,TRUE,TRUE
0164,38327.11,700432.2534991398,TRUE,TRUE
0165,112629.42,978137.4133655967,FALSE,FALSE
0166,28015.38,666122.2146667871,TRUE,TRUE
0167,31465.99,843144.4973867903,TRUE,TRUE
0168,40980.66,580941.6591037166,TRUE,FALSE
0169,9135.7,880395.3756257,TRUE,TRUE
0170,44460,543742.9906702322,TRUE,FALSE
0171,10409.22,622281.8523880495,TRUE,TRUE
0172,72457.27,783513.7750381669,FALSE,FALSE
0173,40725.39,522919.2374658247,TRUE,FALSE
0174,36825.02,709189.4105636197,TRUE,TRUE
0175,36924.95,834433.1450197852,TRUE,TRUE
0176,41657.11,729197.0423213785,TRUE,FALSE
0177,61586.94,719395.1578049175,FALSE,FALSE
0178,42098.74,668013.8838382002,FALSE,FALSE
0179,48444.14,631516.3392119934,TRUE,FALSE
0180,8621.37,627087.3229364962,TRUE,TRUE
0181,83069.74,755238.4084518822,FALSE,FALSE
0182,36001.23,440473.2858711911,TRUE,TRUE
0183,52316.49,720727.0116119321,FALSE,FALSE
0184,6028.37,673817.6491194481,TRUE,TRUE
0185,58663.16,520666.52145514044,FALSE,FALSE
0186,22062.88,797713.4801601141,TRUE,TRUE
0187,54975.72,693578.6472190967,FALSE,FALSE
0188,125776.67,833920.9473552019,FALSE,FALSE
0189,23002.46,778830.8951898087,TRUE,TRUE
0190,13831.73,773347.2655955667,TRUE,TRUE
0191,57736.18,806867.8976863655,FALSE,FALSE
0192,101200.18,818440.4377653673,FALSE,FALSE
0193,16170.78,627722.5418294028,TRUE,TRUE
0194,10889.3,714519.9815080586,TRUE,TRUE
0195,29849.04,772949.5945221147,TRUE,TRUE
0196,57976.29,669126.1134779472,FALSE,FALSE
0197,114411.82,776249.7896136607,FALSE,FALSE
0198,63053.76,669239.8021037497,FALSE,FALSE
0199,62710.05,763961.1857507606,FALSE,FALSE
0200,37397.65,897702.627551883,TRUE,TRUE
0201,3958.38,650752.0934048004,TRUE,TRUE
0202,12847.52,647263.766422966,TRUE,TRUE
0203,23376.53,634570.0721464242,TRUE,TRUE
0204,33228.45,786321.4351866883,TRUE,TRUE
0205,58993.83,767465.5344162382,FALSE,FALSE
0206,34656.53,689026.715572244,TRUE,TRUE
0207,95963.85,901296.4453897814,FALSE,FALSE
0208,16208.31,621657.1742139535,TRUE,TRUE
0209,5322.33,571621.8938905543,TRUE,TRUE
0210,20050.63,706170.794029953,TRUE,TRUE
0211,29032.74,782973.4596507753,TRUE,TRUE
0212,41851.72,793182.5459388343,TRUE,FALSE
0213,20559.21,859829.5997888289,TRUE,TRUE
0214,82303,712843.6773675354,FALSE,FALSE
0215,36460.35,827540.2662866542,TRUE,TRUE
0216,37044.89,818999.7265940878,TRUE,TRUE
0217,33815.87,737411.0353072279,TRUE,TRUE
0218,58538.03,681404.6114333585,FALSE,FALSE
0219,59812.59,619550.9817782696,FALSE,FALSE
0220,20710.58,634900.4680897968,TRUE,TRUE
0221,30595.42,660279.0886388314,TRUE,TRUE
0222,18915.87,737820.1999075278,TRUE,TRUE
0223,66556.55,776810.8102308757,FALSE,FALSE
0224,54716.39,778203.3034649072,FALSE,FALSE
0225,43111.92,758081.5368999282,TRUE,FALSE
0226,27009.87,757888.0600114282,TRUE,TRUE
0227,63937.9,779357.6486007676,FALSE,FALSE
0228,16208.04,730063.9746415874,TRUE,TRUE
0229,83628.12,794794.1214638442,FALSE,FALSE
0230,3183.72,701028.5311347032,TRUE,TRUE
0231,45117.93,595193.1886138297,TRUE,FALSE
0232,27883.79,487526.1106060653,TRUE,TRUE
0233,78331.09,914218.4408524181,FALSE,FALSE
0234,15704.19,857642.8590331612,TRUE,TRUE
0235,24984.14,837988.3700564278,TRUE,TRUE
0236,83897.27,791107.9343883267,FALSE,FALSE
0237,7496.19,759422.6697092399,TRUE,TRUE
0238,57963.8,546750.8238240579,FALSE,FALSE
0239,64564.4,612985.4425119348,FALSE,FALSE
0240,32512.81,550647.4640124771,TRUE,TRUE
0241,65307.33,604203.4175010185,FALSE,FALSE
0242,59461.86,767839.2435439331,FALSE,FALSE
0243,39361.79,598417.6881383581,TRUE,TRUE
0244,34363.34,899385.5428594864,TRUE,TRUE
0245,97824.3,885956.856584289,FALSE,FALSE
0246,7924.68,600042.9473789595,TRUE,TRUE
0247,27306.23,718847.9399934213,TRUE,TRUE
0248,96784.33,619297.1816959365,FALSE,FALSE
0249,20947.37,888089.6152363012,TRUE,TRUE
0250,75429.74,765758.6221279937,FALSE,FALSE
0251,6770.42,726029.9171052258,TRUE,TRUE
0252,53415.76,663393.7335470071,FALSE,FALSE
0253,55013.14,730279.8089708763,FALSE,FALSE
0254,76341.04,778151.8441136812,FALSE,FALSE
0255,147537.33,1015811.1090350125,FALSE,FALSE
0256,48223.68,824521.4898748938,FALSE,FALSE
0257,58695.6,729967.7258929247,FALSE,FALSE
0258,66811.35,544407.8282609446,FALSE,FALSE
0259,73414.4,813934.3537664267,FALSE,FALSE
0260,37594.02,698529.1253684442,FALSE,TRUE
0261,40001.68,471812.6803333025,TRUE,FALSE
0262,34969.44,934892.4305087987,TRUE,TRUE
0263,37269.65,787780.1179553508,TRUE,TRUE
0264,34691.23,896269.079448903,TRUE,TRUE
0265,18557.41,814152.4189628599,TRUE,TRUE
0266,58892.95,583692.9982668452,FALSE,FALSE
0267,38233.14,846440.3245734093,TRUE,TRUE
0268,4440.84,564359.6503945022,TRUE,TRUE
0269,21986.31,737963.5559883879,TRUE,TRUE
0270,142155.87,904534.4231148602,FALSE,FALSE
0271,56912.85,645113.3875737741,FALSE,FALSE
0272,63045.36,817108.9005372927,FALSE,FALSE
0273,64178.66,730382.0421459933,FALSE,FALSE
0274,17737.77,514419.66202502645,TRUE,TRUE
0275,12014.44,768273.9557418871,TRUE,TRUE
0276,25277.92,804152.0015503321,TRUE,TRUE
0277,76548.95,687907.5413442443,FALSE,FALSE
0278,8817.75,720897.4821944656,TRUE,TRUE
0279,54781.9,612088.0901291253,FALSE,FALSE
0280,26500.29,839880.4488242659,TRUE,TRUE
0281,23431.45,585351.1275658278,TRUE,TRUE
0282,52958.01,612688.5743390193,FALSE,FALSE
0283,24044.75,621507.6329805185,TRUE,TRUE
0284,18344.12,702539.4600349668,TRUE,TRUE
0285,81764.8,740576.2730696357,FALSE,FALSE
0286,42179.8,871834.0952082486,TRUE,FALSE
0287,13021.32,503915.86789184675,TRUE,TRUE
0288,7352.35,659239.9448599378,TRUE,TRUE
0289,12267.19,606205.3803946639,TRUE,TRUE
0290,34205.55,656496.1770807717,TRUE,TRUE
0291,48283.55,779064.9362133624,FALSE,FALSE
0292,32856.45,683789.2202964714,TRUE,TRUE
0293,81391.96,613424.4018970819,FALSE,FALSE
0294,32897.23,807727.6734263983,TRUE,TRUE
0295,7145.99,662000.2987118484,TRUE,TRUE
0296,86935.78,709165.9773547734,FALSE,FALSE
0297,24243.04,734039.773717251,TRUE,TRUE
0298,13440.68,697203.102709169,TRUE,TRUE
0299,103278.64,825279.9014804313,FALSE,FALSE
0300,31969.67,742581.5505537256,TRUE,TRUE
0301,70671.47,629211.0667795867,FALSE,FALSE
0302,18586.42,740850.2920596033,TRUE,TRUE
0303,6910.82,798975.1706597593,TRUE,TRUE
0304,34990.12,750604.5420852934,TRUE,TRUE
0305,15840.65,722462.9945041746,TRUE,TRUE
0306,34354.37,759505.6479733933,TRUE,TRUE
0307,11320.55,741425.985089984,TRUE,TRUE
0308,85858.49,728889.8547015011,FALSE,FALSE
0309,20830.28,587124.1002689016,TRUE,TRUE
0310,38898.44,845103.6964578626,TRUE,TRUE
0311,63837.6,732345.6083655653,FALSE,FALSE
0312,24658.01,826679.5707626443,TRUE,TRUE
0313,72848.74,791375.7347727583,FALSE,FALSE
0314,20855.22,598038.2714832175,TRUE,TRUE
0315,18311.39,810139.7931882845,TRUE,TRUE
0316,77637.25,633516.1897576423,FALSE,FALSE
0317,13557.31,659264.4861277019,TRUE,TRUE
0318,16212.65,877269.5631888846,TRUE,TRUE
0319,97972.64,795016.349064288,FALSE,FALSE
0320,12200.02,480012.1231036039,TRUE,TRUE
0321,35740.76,680875.4118071866,TRUE,TRUE
0322,35391.14,722963.0174368237,TRUE,TRUE
0323,50569.52,579781.7909294444,FALSE,FALSE
0324,32112.64,891357.6136435377,TRUE,TRUE
0325,8387.57,710163.5127670504,TRUE,TRUE
0326,44913.1,628593.4872449633,TRUE,FALSE
0327,18924,592741.0485203449,TRUE,TRUE
0328,59641.78,587992.9770357737,FALSE,FALSE
0329,27384.31,773231.0200651076,TRUE,TRUE
0330,110907.83,753695.9135782274,FALSE,FALSE
0331,63522.33,687703.3662667782,FALSE,FALSE
0332,42882.67,682724.8479384455,TRUE,FALSE
0333,19303.84,786658.9171236998,TRUE,TRUE
0334,29569.8,729568.6709194987,TRUE,TRUE
0335,25334.45,641730.3257598673,TRUE,TRUE
0336,29691.53,879445.0382314193,TRUE,TRUE
0337,43744.49,693353.7754755425,TRUE,FALSE
0338,22624.22,723972.1951677052,TRUE,TRUE
0339,61021.81,744354.8890706727,FALSE,FALSE
0340,44880.29,463333.55853775074,TRUE,FALSE
0341,30811.31,795984.2232598515,TRUE,TRUE
0342,3220.94,575311.100559789,TRUE,TRUE
0343,12820.7,666971.5121738864,TRUE,TRUE
0344,16864.13,666802.9180687544,TRUE,TRUE
0345,29332.56,749328.4342296843,TRUE,TRUE
0346,53095.06,706197.2680381346,FALSE,FALSE
0347,32631.12,765946.6693114749,TRUE,TRUE
0348,9511.63,513117.0410121669,TRUE,TRUE
0349,83429.47,805656.8912036831,FALSE,FALSE
0350,41679.15,661672.0840174854,TRUE,FALSE
0351,7887.1,802269.3072027012,TRUE,TRUE
0352,13825.18,674093.2844092962,TRUE,TRUE
0353,20776.07,736191.2618642097,TRUE,TRUE
0354,24440.19,804868.4554959901,TRUE,TRUE
0355,70423.82,629132.3514509837,FALSE,FALSE
0356,16160.31,516295.5450770652,TRUE,TRUE
0357,72763.26,816651.2001722006,FALSE,FALSE
0358,89774.83,682065.3956758037,FALSE,FALSE
0359,46328.86,816862.6541163556,FALSE,FALSE
0360,65080.8,793509.0872169059,FALSE,FALSE
0361,26195.81,638748.1507227255,TRUE,TRUE
0362,50329.83,758451.7909814122,FALSE,FALSE
0363,73712.06,793920.6877212115,FALSE,FALSE
0364,12809.7,808040.2598113174,TRUE,TRUE
0365,12933.42,661608.38171842,TRUE,TRUE
0366,11983.8,819985.4281179878,TRUE,TRUE
0367,37484.15,842985.3404526347,TRUE,TRUE
0368,61454.94,766914.8421852291,FALSE,FALSE
0369,27411.98,660013.3157816799,TRUE,TRUE
0370,11621.3,609956.01347243,TRUE,TRUE
0371,64504.63,786274.5372398063,FALSE,FALSE
0372,28558.04,490994.56484381924,TRUE,TRUE
0373,17064.15,873392.4124176397,TRUE,TRUE
0374,14815.89,578693.9840486379,TRUE,TRUE
0375,24615.29,829645.3445213997,TRUE,TRUE
0376,22679.8,902167.4091225865,TRUE,TRUE
0377,51694.69,635284.4374296822,FALSE,FALSE
0378,41344.71,689661.7707783695,TRUE,FALSE
0379,57012.38,695221.5984972982,FALSE,FALSE
0380,31140.7,677223.0957906146,TRUE,TRUE
0381,18919.09,727351.2218526826,TRUE,TRUE
0382,36038.98,654576.2240535982,TRUE,TRUE
0383,18545.43,853823.6434537708,TRUE,TRUE
0384,11188.28,622504.0874004159,TRUE,TRUE
0385,20796.32,791693.9541822699,TRUE,TRUE
0386,2875.9,499728.66965079674,TRUE,TRUE
0387,62066.9,756031.8650767663,FALSE,FALSE
0388,48012.16,570382.2111934441,TRUE,FALSE
0389,11198.72,615960.0207563303,TRUE,TRUE
0390,77180.67,740425.4753517923,FALSE,FALSE
0391,8477.2,492283.1413296421,TRUE,TRUE
0392,10671.16,664837.3841131879,TRUE,TRUE
0393,33329.77,875963.6603636569,TRUE,TRUE
0394,42936.68,583787.8049877457,FALSE,FALSE
0395,33350.85,744037.743875372,TRUE,TRUE
0396,133843.31,1019192.451701259,FALSE,FALSE
0397,65307.28,674672.9441949342,FALSE,FALSE
0398,31386,901357.333254888,TRUE,TRUE
0399,46340.44,570520.1027178804,TRUE,FALSE
0400,59360.79,801019.3935425747,FALSE,FALSE
0401,19807.84,609337.5427730834,TRUE,TRUE
0402,27241.76,713758.0959121137,TRUE,TRUE
0403,3124.05,704825.413612607,TRUE,TRUE
0404,38884.28,871694.2481064697,TRUE,TRUE
0405,35008.86,762136.9187975362,TRUE,TRUE
0406,38079.77,574314.9216186551,TRUE,TRUE
0407,38144.24,731361.5723359163,TRUE,TRUE
0408,41357.2,635231.3352204132,TRUE,FALSE
0409,47514.07,469526.4924930179,TRUE,FALSE
0410,59208.26,685158.4756129917,FALSE,FALSE
0411,105386.72,1001189.7643024091,FALSE,FALSE
0412,58465.38,432393.35074991314,FALSE,FALSE
0413,23419.43,705189.0491523459,TRUE,TRUE
0414,59540.27,914000.6464553943,FALSE,FALSE
0415,16779.48,763141.2909131185,TRUE,TRUE
0416,44799.69,703117.1776486156,TRUE,FALSE
0417,18327.05,594817.1511451736,TRUE,TRUE
0418,33504.64,636521.2289262954,TRUE,TRUE
0419,8077.73,766161.2786710316,TRUE,TRUE
0420,39335.95,875471.1745016648,TRUE,TRUE
0421,21967.77,782534.670525209,TRUE,TRUE
0422,44842.2,751830.2705630546,TRUE,FALSE
0423,12241.44,640858.6508992637,TRUE,TRUE
0424,22242.03,763263.0974807857,TRUE,TRUE
0425,34845.34,734870.756713874,FALSE,TRUE
0426,22074.47,854766.2625018118,TRUE,TRUE
0427,44205.5,556321.8056974248,TRUE,FALSE
0428,37817.69,688795.964823065,TRUE,TRUE
0429,26195.15,637835.1555374949,TRUE,TRUE
0430,1785.23,559162.8073149307,TRUE,TRUE
0431,10266.96,496038.7043211128,TRUE,TRUE
0432,8901.09,785100.8590166592,TRUE,TRUE
0433,89384.87,772056.6362409447,FALSE,FALSE
0434,68754.66,701049.9507692258,FALSE,FALSE
0435,122984.74,826579.4427229399,FALSE,FALSE
0436,35065.57,897548.9783534829,TRUE,TRUE
0437,37380.84,799512.2265257811,TRUE,TRUE
0438,61454.61,667689.8936285567,FALSE,FALSE
0439,73492.81,952528.7852112011,FALSE,FALSE
0440,91480.23,704813.0098543877,FALSE,FALSE
0441,15282.88,679852.5594511216,TRUE,TRUE
0442,12709.2,703483.3725015094,TRUE,TRUE
0443,53042.51,575555.1164531854,FALSE,FALSE
0444,57138.27,721523.184317868,FALSE,FALSE
0445,42177.46,462508.33529616415,FALSE,FALSE
0446,75074.65,608122.6201584986,FALSE,FALSE
0447,25099.17,706935.0850998074,TRUE,TRUE
0448,23909.34,904426.2215640177,TRUE,TRUE
0449,18093.28,655344.3727752699,TRUE,TRUE
0450,43079.65,503081.00650183606,TRUE,FALSE
0451,134485.84,927575.1166974218,FALSE,FALSE
0452,91022.11,672526.9610708926,FALSE,FALSE
0453,21545.55,707989.2735737626,TRUE,TRUE
0454,55015.46,916025.3075553848,FALSE,FALSE
0455,11516.29,704463.4067420443,TRUE,TRUE
0456,29163.94,619499.1052168475,TRUE,TRUE
0457,82960,698985.3519736556,FALSE,FALSE
0458,33056.47,946042.7581416962,TRUE,TRUE
0459,16721.24,598640.8333619449,TRUE,TRUE
0460,41283.08,786789.2872985551,TRUE,FALSE
0461,27129.89,850731.0254027176,TRUE,TRUE
0462,17513.69,886583.8230275435,TRUE,TRUE
0463,59256.72,648791.801636315,FALSE,FALSE
0464,66341.92,573135.2426781483,FALSE,FALSE
0465,20154.94,699460.2541142193,TRUE,TRUE
0466,23008.41,784190.4438311058,TRUE,TRUE
0467,36442.56,755471.0366026646,TRUE,TRUE
0468,63390.09,595637.2449216036,FALSE,FALSE
0469,10065.74,728403.2636178498,TRUE,TRUE
0470,40063.68,739094.9498717346,TRUE,FALSE
0471,48912.61,693947.6416593171,TRUE,FALSE
0472,23801.62,739667.10246652,TRUE,TRUE
0473,41434.8,636190.8840583874,TRUE,FALSE
0474,12121.98,765557.3596554049,TRUE,TRUE
0475,31045.15,896013.0333224544,TRUE,TRUE
0476,88912.63,752606.9120539546,FALSE,FALSE
0477,31306.03,682450.7703620632,FALSE,TRUE
0478,32747.93,831479.9550386531,TRUE,TRUE
0479,54869.65,684078.7648740909,FALSE,FALSE
0480,27624.64,677394.1928692028,TRUE,TRUE
0481,57049.83,772314.7927598092,FALSE,FALSE
0482,50029.94,873800.5918527748,FALSE,FALSE
0483,63659.51,502425.76928733336,FALSE,FALSE
0484,38928.62,767823.6183417354,FALSE,TRUE
0485,40993.43,498117.84481164627,FALSE,FALSE
0486,47095.5,634159.7145113286,TRUE,FALSE
0487,17737.2,665749.6834642637,TRUE,TRUE
0488,9093.08,655906.2939667179,TRUE,TRUE
0489,15741.61,666649.3767840721,TRUE,TRUE
0490,14165.06,488674.2832768453,TRUE,TRUE
0491,24601.91,640405.9275919279,TRUE,TRUE
0492,74930.74,690686.4660741843,FALSE,FALSE
0493,27286.08,879152.277681003,TRUE,TRUE
0494,15205.71,725104.923508131,TRUE,TRUE
0495,60530.35,708208.5316807893,FALSE,FALSE
0496,132883.78,902706.7508399162,FALSE,FALSE
0497,10004.67,583473.951624192,TRUE,TRUE
0498,14695.77,742196.1576471056,TRUE,TRUE
0499,38951.47,857543.7996317232,TRUE,TRUE
0500,25586.53,632779.1665160191,TRUE,TRUE
0501,49255.6,752145.0832510884,TRUE,FALSE
0502,34769.23,741611.6034706392,TRUE,TRUE
0503,152417.93,907814.3393952758,FALSE,FALSE
0504,47587.91,622512.766054186,TRUE,FALSE
0505,117739.89,909388.67303959,FALSE,FALSE
0506,21845.71,768855.783791578,TRUE,TRUE
0507,65018.35,637594.9426983943,FALSE,FALSE
0508,18188.38,835437.3228605044,TRUE,TRUE
0509,43746.81,575311.4082671158,TRUE,FALSE
0510,82803.02,730043.5225568103,FALSE,FALSE
0511,24135.62,725464.1501715437,TRUE,TRUE
0512,28806.45,684678.265962798,TRUE,TRUE
0513,11354.85,665657.1674906445,TRUE,TRUE
0514,52058.83,602961.5145548373,FALSE,FALSE
0515,9070.61,606518.5009291685,TRUE,TRUE
0516,13456.08,782158.4278517676,TRUE,TRUE
0517,21935.29,774703.6109846202,TRUE,TRUE
0518,45688.17,685648.8846601987,TRUE,FALSE
0519,68083.24,541701.7905554676,FALSE,FALSE
0520,27787.07,786870.4789904476,TRUE,TRUE
0521,115551.01,801316.0849979855,FALSE,FALSE
0522,25468.9,806013.2529920931,TRUE,TRUE
0523,29965.52,692119.9228211672,TRUE,TRUE
0524,17696.13,726087.6101629684,TRUE,TRUE
0525,63108.17,702010.9171571066,FALSE,FALSE
0526,8091.95,610062.518850101,TRUE,TRUE
0527,10708.09,637266.7955672576,TRUE,TRUE
0528,80253.34,669499.705149875,FALSE,FALSE
0529,10561.73,659403.8758350052,TRUE,TRUE
0530,26697.52,692795.4511783759,TRUE,TRUE
0531,28077.26,720127.2002449472,TRUE,TRUE
0532,29547.05,826034.444959562,TRUE,TRUE
0533,14098.45,471393.5872411643,TRUE,TRUE
0534,17028.98,663948.7037220895,TRUE,TRUE
0535,10151.45,835941.3510868918,TRUE,TRUE
0536,62141.37,674025.6515438568,FALSE,FALSE
0537,110414.53,950104.080340208,FALSE,FALSE
0538,35043.11,910401.222814215,TRUE,TRUE
0539,17558.32,736824.5772502269,TRUE,TRUE
0540,9256.93,566856.1863567948,TRUE,TRUE
0541,33266.85,628131.6497190596,FALSE,TRUE
0542,20479.17,684430.7885084191,TRUE,TRUE
0543,16332.51,482634.6256242583,TRUE,TRUE
0544,5708.52,548858.048074126,TRUE,TRUE
0545,45960.46,674600.3031383791,TRUE,FALSE
0546,42050.39,704860.1706001605,TRUE,FALSE
0547,17536.93,684954.966500594,TRUE,TRUE
0548,26625.38,867020.9045251046,TRUE,TRUE
0549,2729.92,629846.6394308076,TRUE,TRUE
0550,74056.5,548891.9107581179,FALSE,FALSE
0551,12232.83,756768.9503204705,TRUE,TRUE
0552,30034.92,734629.5531145391,TRUE,TRUE
0553,16720.82,650101.0385750998,TRUE,TRUE
0554,9990.45,633457.0676551588,TRUE,TRUE
0555,6968.96,809176.4365606724,TRUE,TRUE
0556,43689.39,624797.8772026764,TRUE,FALSE
0557,18910.59,755054.4493619538,TRUE,TRUE
0558,39901.4,811111.2862921704,TRUE,TRUE
0559,31610.09,835292.7981419619,TRUE,TRUE
0560,36533.24,814316.6052789624,TRUE,TRUE
0561,73637.97,555153.3152557341,FALSE,FALSE
0562,26234.39,664032.3681061654,TRUE,TRUE
0563,76086.41,636502.4941418015,FALSE,FALSE
0564,29029.66,762057.9470041563,TRUE,TRUE
0565,10296.42,717641.2486268764,TRUE,TRUE
0566,36740.7,1011806.6631049606,TRUE,TRUE
0567,4335.09,719541.0447698649,TRUE,TRUE
0568,39149.99,727148.8920799451,FALSE,TRUE
0569,51339.06,905213.5128719262,FALSE,FALSE
0570,46087.95,726648.9573990548,TRUE,FALSE
0571,13914.72,585543.0748689489,TRUE,TRUE
0572,19192.46,678768.5041596483,TRUE,TRUE
0573,22775.89,752307.6214644462,TRUE,TRUE
0574,57590.9,660866.7303675942,FALSE,FALSE
0575,89959.96,801856.0006717902,FALSE,FALSE
0576,57051.01,732355.9507429807,FALSE,FALSE
0577,1919.22,617732.1073559285,TRUE,TRUE
0578,34166.52,731827.350898012,TRUE,TRUE
0579,30063.43,878372.1711922709,TRUE,TRUE
0580,62928.55,601507.8877173185,FALSE,FALSE
0581,54156.89,757545.6638694382,FALSE,FALSE
0582,27366.28,758831.6104303942,TRUE,TRUE
0583,48427.27,635808.795392531,TRUE,FALSE
0584,21384.83,727723.3011578782,TRUE,TRUE
0585,14191.24,596277.6649854139,TRUE,TRUE
0586,28362.94,937233.5673973806,TRUE,TRUE
0587,16195.39,688082.6003513883,TRUE,TRUE
0588,101121.86,873702.6005307352,FALSE,FALSE
0589,7443.15,801986.6794505797,TRUE,TRUE
0590,21803.37,751337.8254276919,TRUE,TRUE
0591,39949.04,765480.1821866565,FALSE,TRUE
0592,16910.86,700777.6586044262,TRUE,TRUE
0593,21122.85,742899.9666471581,TRUE,TRUE
0594,16248.91,761857.0041944367,TRUE,TRUE
0595,93491.74,758177.405566043,FALSE,FALSE
0596,159343.48,966234.8775419111,FALSE,FALSE
0597,121759.57,683263.3708254412,FALSE,FALSE
0598,34557.51,880569.0237046336,TRUE,TRUE
0599,49167.2,584794.3823620097,TRUE,FALSE
0600,6296.96,605558.2988928438,TRUE,TRUE
0601,113852.23,918056.2480968474,FALSE,FALSE
0602,78388.9,860432.3719267811,FALSE,FALSE
0603,73433.76,776284.5927802753,FALSE,FALSE
0604,50807.68,573176.6646583709,FALSE,FALSE
0605,19637.28,715791.1161849413,TRUE,TRUE
0606,42481.65,671036.2906659411,TRUE,FALSE
0607,7488.66,702700.4295423507,TRUE,TRUE
0608,46640.95,647599.4438504267,TRUE,FALSE
0609,31316.84,802392.2786785765,TRUE,TRUE
0610,40738.85,713444.9768892,TRUE,FALSE
0611,52834.9,784012.2455484841,FALSE,FALSE
0612,10614.09,760838.7706642629,TRUE,TRUE
0613,8557.08,695934.6751806071,TRUE,TRUE
0614,10951.56,588257.7362648984,TRUE,TRUE
0615,38430.31,851598.8990542176,FALSE,TRUE
0616,78204.54,717486.0186741552,FALSE,FALSE
0617,56193.9,714328.8351215718,FALSE,FALSE
0618,32034.38,626553.4850242338,TRUE,TRUE
0619,51180.58,650626.7588713272,FALSE,FALSE
0620,26730.22,703288.03564295,TRUE,TRUE
0621,30719.2,783249.4424035726,TRUE,TRUE
0622,46600.31,510698.7084476434,TRUE,FALSE
0623,10578.57,857318.637307036,TRUE,TRUE
0624,37290.64,1095727.3279172508,TRUE,TRUE
0625,15198.29,480770.2581875583,TRUE,TRUE
0626,84194.68,969587.5088682794,FALSE,FALSE
0627,1183.81,717885.3301033054,TRUE,TRUE
0628,40764.14,867477.149162794,TRUE,FALSE
0629,62498.01,742646.6040917579,FALSE,FALSE
0630,51152.56,654791.1221904436,FALSE,FALSE
0631,36477.04,614320.2406659791,FALSE,TRUE
0632,33288.53,729216.070641493,TRUE,TRUE
0633,42195.44,470142.94654664537,TRUE,FALSE
0634,56712.6,566858.1346251264,FALSE,FALSE
0635,67529.98,681839.7337063091,FALSE,FALSE
0636,16933.28,782856.410620298,TRUE,TRUE
0637,46170.51,601566.9823194457,TRUE,FALSE
0638,35520.17,803579.6049574667,TRUE,TRUE
0639,33918.22,621385.8687609001,TRUE,TRUE
0640,57912.81,720215.9675360976,FALSE,FALSE
0641,26074.99,514458.0854961866,TRUE,TRUE
0642,18599.61,741488.5513768189,TRUE,TRUE
0643,81343.99,693211.6256130254,FALSE,FALSE
0644,73814.36,706300.3006644172,FALSE,FALSE
0645,67074.73,586083.8129513559,FALSE,FALSE
0646,37720.92,539682.1469814344,TRUE,TRUE
0647,12477.29,725215.8546561669,TRUE,TRUE
0648,4143.64,886905.9546878247,TRUE,TRUE
0649,37865.68,783002.6519259481,TRUE,TRUE
0650,15765.07,803680.7453509099,TRUE,TRUE
0651,18059.64,855484.9942903438,TRUE,TRUE
0652,80585.86,739514.7787951794,FALSE,FALSE
0653,7799.3,764490.138675993,TRUE,TRUE
0654,18286.39,830565.94348665,TRUE,TRUE
0655,31638.92,730922.5001103288,TRUE,TRUE
0656,20089.17,711545.0064363949,TRUE,TRUE
0657,26156.3,687069.3749714808,TRUE,TRUE
0658,8035.14,669737.3780460407,TRUE,TRUE
0659,35673.2,938951.8360206947,FALSE,TRUE
0660,99926.12,687708.9536879787,FALSE,FALSE
0661,102024.66,836071.3967905869,FALSE,FALSE
0662,21920.42,692868.4380523345,TRUE,TRUE
0663,21460.1,606701.1413220895,TRUE,TRUE
0664,26295,683630.0015999167,TRUE,TRUE
0665,24579.89,660922.4637199626,TRUE,TRUE
0666,35227.26,615879.8535076738,TRUE,TRUE
0667,33231.93,836420.4521632857,TRUE,TRUE
0668,14822.75,728743.5264900731,TRUE,TRUE
0669,13999.41,531906.6882068508,TRUE,TRUE
0670,23126.83,837811.7548465632,TRUE,TRUE
0671,35036.31,650465.7298179907,TRUE,TRUE
0672,7557.04,772372.1565976748,TRUE,TRUE
0673,27680.91,737113.3199358914,TRUE,TRUE
0674,96791.43,906467.258936272,FALSE,FALSE
0675,81262.26,685790.1773615283,FALSE,FALSE
0676,54030.96,665122.5394328752,FALSE,FALSE
0677,29680.71,561701.748327967,TRUE,TRUE
0678,64323.28,846754.4975369254,FALSE,FALSE
0679,23968.94,629451.4846834557,TRUE,TRUE
0680,43209.07,614413.3223350858,TRUE,FALSE
0681,31472.47,849302.5789258331,TRUE,TRUE
0682,31445.35,622076.9885119426,TRUE,TRUE
0683,91928.41,732709.6424116634,FALSE,FALSE
0684,40246.84,484732.3949051928,TRUE,FALSE
0685,23521.48,809656.0591660785,TRUE,TRUE
0686,68191.75,710061.7620190737,FALSE,FALSE
0687,6729.15,644103.9734774015,TRUE,TRUE
0688,72873.4,897868.3980008168,FALSE,FALSE
0689,23370.22,900468.1198406437,TRUE,TRUE
0690,32135.77,798561.6421522014,TRUE,TRUE
0691,46891.25,775946.2696510698,FALSE,FALSE
0692,21732.8,612452.6053603297,TRUE,TRUE
0693,19616.85,742956.205540107,TRUE,TRUE
0694,47699.08,798419.4812955634,TRUE,FALSE
0695,34856.4,721827.9457762085,TRUE,TRUE
0696,34463.02,741725.6630830227,TRUE,TRUE
0697,45442.69,432862.0912831286,TRUE,FALSE
0698,25139.05,677648.0795317268,TRUE,TRUE
0699,12917.91,724500.6289737641,TRUE,TRUE
0700,15607.43,714682.8370921778,TRUE,TRUE
0701,32125.47,636034.7986810278,TRUE,TRUE
0702,11489.21,635764.8658242321,TRUE,TRUE
0703,23118.05,648278.5570936555,TRUE,TRUE
0704,31325.42,752805.1293803053,TRUE,TRUE
0705,51669.02,624378.7156909383,FALSE,FALSE
0706,37776.33,758453.0302886445,TRUE,TRUE
0707,16778.81,642077.0445972187,TRUE,TRUE
0708,33653.66,823702.229477348,TRUE,TRUE
0709,41222.61,556576.8604560076,TRUE,FALSE
0710,92143.82,879258.8800334374,FALSE,FALSE
0711,17754.71,830947.0392264302,TRUE,TRUE
0712,51343.88,628819.4199207276,FALSE,FALSE
0713,5741.58,747504.0547955424,TRUE,TRUE
0714,52940.31,769490.1385219877,FALSE,FALSE
0715,48240.34,674513.7060918206,TRUE,FALSE
0716,17699.44,877885.2959339333,TRUE,TRUE
0717,15281.19,856245.253028022,TRUE,TRUE
0718,23453.98,652354.4428517885,TRUE,TRUE
0719,26428.52,697591.5015178006,TRUE,TRUE
0720,26738.37,868181.890939019,TRUE,TRUE
0721,56541.66,739531.3672153911,FALSE,FALSE
0722,36894.34,951627.4992758861,FALSE,TRUE
0723,47045.42,702464.8313746153,TRUE,FALSE
0724,98273.9,665744.0891759524,FALSE,FALSE
0725,33891.04,772137.2650112801,TRUE,TRUE
0726,33855.33,718685.7462079938,TRUE,TRUE
0727,73588.84,808180.4927418149,FALSE,FALSE
0728,43218.62,464583.95030646934,TRUE,FALSE
0729,25622.25,863020.5157054295,TRUE,TRUE
0730,37079.81,829757.6897814691,FALSE,TRUE
0731,20161.65,692788.9979764812,TRUE,TRUE
0732,48320.46,740190.8176206608,FALSE,FALSE
0733,11347.85,797215.3293284685,TRUE,TRUE
0734,40209.87,536170.2075903774,TRUE,FALSE
0735,40952.93,727013.1496588881,TRUE,FALSE
0736,78834.61,750568.3135522645,FALSE,FALSE
0737,35008.01,636420.783948735,TRUE,TRUE
0738,48519.24,729676.1907411322,TRUE,FALSE
0739,64443.4,608169.3169798139,FALSE,FALSE
0740,20871.46,871550.9943914739,TRUE,TRUE
0741,49034.29,620379.6401071469,FALSE,FALSE
0742,40197.98,671748.5663599796,TRUE,FALSE
0743,87580.8,813642.6696867725,FALSE,FALSE
0744,31913.7,904577.4116295727,TRUE,TRUE
0745,149040.25,1060674.4797958464,FALSE,FALSE
0746,37918.37,604190.617621705,TRUE,TRUE
0747,24247.3,789066.6326950787,TRUE,TRUE
0748,60772.94,598524.2554446983,FALSE,FALSE
0749,75025.68,744403.303364139,FALSE,FALSE
0750,80815.61,725579.8691824886,FALSE,FALSE
0751,10982.94,774463.7762546391,TRUE,TRUE
0752,29664.9,804923.0638336411,TRUE,TRUE
0753,10746.96,607890.6450862193,TRUE,TRUE
0754,115590.98,829538.3948130076,FALSE,FALSE
0755,22926.56,890748.5691115543,TRUE,TRUE
0756,89968.05,810750.9464452307,FALSE,FALSE
0757,60768.18,571903.566833263,FALSE,FALSE
0758,15379.14,660314.1580132535,TRUE,TRUE
0759,37907.99,668377.8193679716,TRUE,TRUE
0760,43467.07,556373.3475700878,TRUE,FALSE
0761,32273.91,616281.2195969035,TRUE,TRUE
0762,15581.74,688191.986526336,TRUE,TRUE
0763,22238.89,550435.3739186698,TRUE,TRUE
0764,28870.62,655231.3490915459,TRUE,TRUE
0765,22848.68,717455.6526016139,TRUE,TRUE
0766,7485.12,722616.4833454478,TRUE,TRUE
0767,33498.99,893588.0270537051,TRUE,TRUE
0768,28237.27,715094.8725596482,TRUE,TRUE
0769,14844.18,669875.193551806,TRUE,TRUE
0770,9361.17,670187.9260462918,TRUE,TRUE
0771,29609.24,744066.4749879176,TRUE,TRUE
0772,61647.59,676065.1277022181,FALSE,FALSE
0773,41085.83,456827.6453703876,TRUE,FALSE
0774,8283.44,594918.8866830356,TRUE,TRUE
0775,44066.96,574904.776285886,TRUE,FALSE
0776,99830.63,643801.5957052186,FALSE,FALSE
0777,7612.87,705573.6587385465,TRUE,TRUE
0778,67433.95,828022.0824508218,FALSE,FALSE
0779,114044.28,745508.8414439242,FALSE,FALSE
0780,82249.08,725176.3845514822,FALSE,FALSE
0781,11288.15,748066.4548972889,TRUE,TRUE
0782,75862.35,845877.1344177483,FALSE,FALSE
0783,46414.92,583930.2002939037,TRUE,FALSE
0784,68665.02,614326.2477182259,FALSE,FALSE
0785,62903.63,641561.8171976816,FALSE,FALSE
0786,17317.15,809549.6866983527,TRUE,TRUE
0787,10697.92,687015.2082813563,TRUE,TRUE
0788,32990.28,769645.3391590307,TRUE,TRUE
0789,11952.16,772168.9972904301,TRUE,TRUE
0790,55879.76,508760.5809411149,FALSE,FALSE
0791,29282.33,726237.6087065133,TRUE,TRUE
0792,56851.43,551864.852351405,FALSE,FALSE
0793,59230.46,704354.7896385178,FALSE,FALSE
0794,55213.43,705410.6397404474,FALSE,FALSE
0795,88194.42,663077.5142289763,FALSE,FALSE
0796,39043.72,727827.1909477403,TRUE,TRUE
0797,69271.79,723696.7354295191,FALSE,FALSE
0798,25812.39,481272.44948746834,TRUE,TRUE
0799,58070.42,740670.1289572541,FALSE,FALSE
0800,21470.97,782832.1476644223,TRUE,TRUE
0801,35279.9,760680.6219097759,TRUE,TRUE
0802,47703.34,719250.8375841251,TRUE,FALSE
0803,20783.92,716133.5972798051,TRUE,TRUE
0804,28571.01,565889.9604671099,TRUE,TRUE
0805,33040.65,559734.3140813538,FALSE,TRUE
0806,27467.24,668552.5208518481,TRUE,TRUE
0807,51657.38,362280.12489856535,FALSE,FALSE
0808,74796.63,781134.294660018,FALSE,FALSE
0809,7251.09,585884.6779690672,TRUE,TRUE
0810,18433.66,661940.1378059052,TRUE,TRUE
0811,75206.07,981935.3351457787,FALSE,FALSE
0812,49750.81,603681.0051479905,TRUE,FALSE
0813,2623.46,546528.0327231017,TRUE,TRUE
0814,73088.79,1055468.5008910997,FALSE,FALSE
0815,32795.54,828134.255914919,TRUE,TRUE
0816,40633.88,653201.0808305647,TRUE,FALSE
0817,6915.09,437101.86971260014,TRUE,TRUE
0818,40205.59,737832.0766616453,TRUE,FALSE
0819,153805.47,976647.7359383444,FALSE,FALSE
0820,17873.26,691596.7254824303,TRUE,TRUE
0821,31250.95,810771.9105170976,TRUE,TRUE
0822,113213.46,819706.8220461088,FALSE,FALSE
0823,12640.92,661315.3817073503,TRUE,TRUE
0824,22985.12,792657.0782843332,TRUE,TRUE
0825,9414.3,600738.4933050636,TRUE,TRUE
0826,67123.75,452713.40342631575,FALSE,FALSE
0827,67487.06,629973.7601105366,FALSE,FALSE
0828,25457.33,768373.005088517,TRUE,TRUE
0829,72990.89,649421.5261053189,FALSE,FALSE
0830,16938.46,540607.7770211805,TRUE,TRUE
0831,27375.77,548427.4914337816,TRUE,TRUE
0832,61601.19,868056.8938286908,FALSE,FALSE
0833,45289.26,702409.9742138329,TRUE,FALSE
0834,33998.86,573759.220159926,TRUE,TRUE
0835,8260.19,666966.3652562817,TRUE,TRUE
0836,30420.21,639569.9781191864,TRUE,TRUE
0837,47963.03,629666.981423051,TRUE,FALSE
0838,1349.68,696421.4239219892,TRUE,TRUE
0839,15279.02,692515.7754718419,TRUE,TRUE
0840,23356.63,689181.9589236967,TRUE,TRUE
0841,61272.56,737997.0718879229,FALSE,FALSE
0842,39671.65,738456.2777789922,TRUE,TRUE
0843,97801.6,938499.3345590588,FALSE,FALSE
0844,41894.31,490823.2733424565,TRUE,FALSE
0845,19227.79,574177.3952114873,TRUE,TRUE
0846,41544,594538.6960692704,TRUE,FALSE
0847,48236.25,670629.63134669,TRUE,FALSE
0848,24440.15,843471.4209854791,TRUE,TRUE
0849,37254.88,906982.7398721966,TRUE,TRUE
0850,6688.13,577373.4888897953,TRUE,TRUE
0851,30074.25,736615.0032195718,TRUE,TRUE
0852,19150.44,746152.6281567873,TRUE,TRUE
0853,18179.36,803792.0515474679,TRUE,TRUE
0854,32965.37,710941.4439598506,TRUE,TRUE
0855,28282.24,717787.9050878603,TRUE,TRUE
0856,109833.12,725799.6767005248,FALSE,FALSE
0857,13147.01,647212.422566279,TRUE,TRUE
0858,49573.79,596638.3737073423,TRUE,FALSE
0859,53635.4,577875.473251414,FALSE,FALSE
0860,58039.37,635243.5614626264,FALSE,FALSE
0861,52758.43,761660.2726387988,FALSE,FALSE
0862,21994.65,769806.0498883526,TRUE,TRUE
0863,27979.07,727736.3421807011,TRUE,TRUE
0864,46831.21,608342.070212164,TRUE,FALSE
0865,39098.5,969009.3413631843,TRUE,TRUE
0866,69514.88,586921.4704987605,FALSE,FALSE
0867,16610.15,685690.7289668019,TRUE,TRUE
0868,12619.19,851077.2991515187,TRUE,TRUE
0869,24193.4,692684.108425119,TRUE,TRUE
0870,18337.49,911712.0573006468,TRUE,TRUE
0871,67837.93,591303.6947188694,FALSE,FALSE
0872,33408.95,987175.9514990301,TRUE,TRUE
0873,31669.65,894928.1342515401,TRUE,TRUE
0874,15633.85,639407.4936457496,TRUE,TRUE
0875,55795.41,626853.3982067797,FALSE,FALSE
0876,39128.65,611510.8692911167,TRUE,TRUE
0877,40007.6,770825.7564017428,TRUE,FALSE
0878,5099.8,642608.5798465495,TRUE,TRUE
0879,40636.57,547120.0031470758,FALSE,FALSE
0880,38598.25,801987.2558425039,TRUE,TRUE
0881,34975.12,873120.5612472218,TRUE,TRUE
0882,31776,769936.4898066081,TRUE,TRUE
0883,83412.56,902570.0416751476,FALSE,FALSE
0884,38711.44,717693.3995804115,TRUE,TRUE
0885,74162.65,816029.4249942147,FALSE,FALSE
0886,42064.7,610469.3962785122,TRUE,FALSE
0887,43124.36,724774.7945221043,TRUE,FALSE
0888,18235.77,886352.7227794798,TRUE,TRUE
0889,64858.28,798398.7060174684,FALSE,FALSE
0890,35772.26,756430.4977203773,TRUE,TRUE
0891,28045.05,601183.3666077862,TRUE,TRUE
0892,40859.97,524217.7644729776,TRUE,FALSE
0893,50347.12,745047.8231883249,FALSE,FALSE
0894,11774.45,655511.0253212599,TRUE,TRUE
0895,23946.65,677837.0581774442,TRUE,TRUE
0896,19337.03,733909.0499566137,TRUE,TRUE
0897,87855.32,804051.9628226808,FALSE,FALSE
0898,10203.12,729370.9292776943,TRUE,TRUE
0899,64225.34,801942.2572936576,FALSE,FALSE
0900,41240.71,531168.6141044993,TRUE,FALSE
0901,32233.61,721314.6591564924,TRUE,TRUE
0902,21501.38,609391.2215994144,TRUE,TRUE
0903,29334.99,765691.8540506408,TRUE,TRUE
0904,11624.19,700277.5719646713,TRUE,TRUE
0905,62009.45,773776.6671652816,FALSE,FALSE
0906,45029.33,636869.790238203,TRUE,FALSE
0907,19269.53,737402.5485036935,TRUE,TRUE
0908,54303.55,777029.131770055,FALSE,FALSE
0909,38653.74,844672.614869061,TRUE,TRUE
0910,21700.75,762444.8978226521,TRUE,TRUE
0911,82013.92,873703.7858101163,FALSE,FALSE
0912,64481.63,690140.4219459476,FALSE,FALSE
0913,47257.31,711145.5645177371,TRUE,FALSE
0914,95339.42,777915.8174347043,FALSE,FALSE
0915,27522.55,797321.0188828588,TRUE,TRUE
0916,27268.98,799529.4043830086,TRUE,TRUE
0917,9696.91,658742.6072981418,TRUE,TRUE
0918,14695.57,560661.1709024117,TRUE,TRUE
0919,44443.41,465490.24495371955,TRUE,FALSE
0920,31323.83,791248.536606035,TRUE,TRUE
0921,31232.76,809538.4256000074,TRUE,TRUE
0922,31979.59,711083.1250897663,TRUE,TRUE
0923,29930.79,634928.5147957001,TRUE,TRUE
0924,25791.1,730055.0589164528,TRUE,TRUE
0925,47806.93,628077.7944955898,TRUE,FALSE
0926,31627.03,690249.2630307255,TRUE,TRUE
0927,61001.84,562425.2321573335,FALSE,FALSE
0928,78918.25,720373.2017312428,FALSE,FALSE
0929,62733.8,627776.3594540999,FALSE,FALSE
0930,44059.22,444950.47045892547,TRUE,FALSE
0931,110112.1,706630.4041260965,FALSE,FALSE
0932,75021.34,796892.5232379012,FALSE,FALSE
0933,34117.13,564194.1152429606,TRUE,TRUE
0934,61179,853140.4606962871,FALSE,FALSE
0935,23012.44,743095.2160025372,TRUE,TRUE
0936,42089.35,533816.4077029708,TRUE,FALSE
0937,12037.09,661433.0508806453,TRUE,TRUE
0938,34218.13,842161.2842932026,TRUE,TRUE
0939,29776.38,666583.7060713468,TRUE,TRUE
0940,29172.73,626788.1793980224,TRUE,TRUE
0941,62796.67,630614.6478645179,FALSE,FALSE
0942,40319.03,302890.8839425236,FALSE,FALSE
0943,46842.81,540056.2978253085,TRUE,FALSE
0944,11109.07,632695.2694300845,TRUE,TRUE
0945,17043.8,698750.761776506,TRUE,TRUE
0946,63540.86,734278.811895052,FALSE,FALSE
0947,56925.25,755435.1131609706,FALSE,FALSE
0948,2155.56,684719.7741584555,TRUE,TRUE
0949,28567.71,718030.5280430627,TRUE,TRUE
0950,30234.49,1033002.2649128443,TRUE,TRUE
0951,67200.3,559151.4936846062,FALSE,FALSE
0952,87263.63,605638.8605791425,FALSE,FALSE
0953,43755.68,756665.3685018704,TRUE,FALSE
0954,20085.74,486504.11897955777,TRUE,TRUE
0955,19838.31,678421.8887045083,TRUE,TRUE
0956,14554.08,756433.1914393306,TRUE,TRUE
0957,17254.43,794907.7517327676,TRUE,TRUE
0958,109240.07,759510.8025909676,FALSE,FALSE
0959,16021.45,563050.1729021411,TRUE,TRUE
0960,19145.2,626922.5251010023,TRUE,TRUE
0961,4651.77,628129.4620759469,TRUE,TRUE
0962,32940.31,806308.0989269575,TRUE,TRUE
0963,45584.69,656957.0241778517,TRUE,FALSE
0964,25428.64,653483.6135922258,TRUE,TRUE
0965,35722.56,745909.6128919595,TRUE,TRUE
0966,34654.81,849679.7572971918,TRUE,TRUE
0967,55783.04,597546.7962361774,FALSE,FALSE
0968,28714.09,606802.0640446485,TRUE,TRUE
0969,46696.55,519543.92779724457,TRUE,FALSE
0970,6750.55,731069.1206854113,TRUE,TRUE
0971,30977.58,819255.1774317398,FALSE,TRUE
0972,77243.36,652029.8184193526,FALSE,FALSE
0973,45485.8,503698.1763166621,TRUE,FALSE
0974,89848.58,775123.6604298195,FALSE,FALSE
0975,63494,934499.1017565192,FALSE,FALSE
0976,90039.19,894877.717302379,FALSE,FALSE
0977,19586.38,765471.3273016646,TRUE,TRUE
0978,54644.86,687176.7685802198,FALSE,FALSE
0979,72496.67,714642.5697933943,FALSE,FALSE
0980,77478.13,584405.1584001026,FALSE,FALSE
0981,21321.54,607334.4931268033,TRUE,TRUE
0982,18470.89,742458.0560052408,TRUE,TRUE
0983,17793.48,769619.1524570626,TRUE,TRUE
0984,17021.78,719203.4520235487,TRUE,TRUE
0985,81081.59,689243.9030695116,FALSE,FALSE
0986,25879.6,730486.245980114,TRUE,TRUE
0987,5350.55,563767.7255784662,TRUE,TRUE
0988,13469.73,733323.0627063839,TRUE,TRUE
0989,67836.23,674904.092140655,FALSE,FALSE
0990,45265.44,718761.550308251,FALSE,FALSE
0991,38261.25,752505.7194592945,TRUE,TRUE
0992,7007.24,864887.5121589366,TRUE,TRUE
0993,62549.21,695651.5041086636,FALSE,FALSE
0994,96493.65,803173.7948381216,FALSE,FALSE
0995,15397.51,584502.118596081,TRUE,TRUE
0996,54152.84,669503.0185300398,FALSE,FALSE
0997,12541.35,790532.8964869224,TRUE,TRUE
0998,7373.62,722001.1618665411,TRUE,TRUE
0999,36953.96,686051.1598219627,TRUE,TRUE
1000,18457.53,720071.2208010792,TRUE,TRUE
1001,42281.6,480296.0810780406,TRUE,FALSE
1002,20364.14,624677.6767566223,TRUE,TRUE
1003,63835.23,708699.1246939115,FALSE,FALSE
1004,17038.03,629490.5051626904,TRUE,TRUE
1005,43911.31,523732.4652996075,FALSE,FALSE
1006,114905.14,861336.0791601627,FALSE,FALSE
1007,129681.25,920131.3835799805,FALSE,FALSE
1008,40762.29,717615.0541534242,TRUE,FALSE
1009,13085.96,835579.0209476555,TRUE,TRUE
1010,22957,656379.1564432312,TRUE,TRUE
1011,139304.42,823908.2391307908,FALSE,FALSE
1012,65050.59,850351.42090458225,FALSE,FALSE
1013,33965.09,544693.9400861476,TRUE,TRUE
1014,73433.71,691554.8760338754,FALSE,FALSE
1015,36148.85,719593.2742133499,FALSE,TRUE
1016,41166.47,722142.6561379238,TRUE,FALSE
1017,58880.42,596390.6940008751,FALSE,FALSE
1018,6328.45,566782.9114155048,TRUE,TRUE
1019,14358.17,715275.8498604879,TRUE,TRUE
1020,37313.8,627408.4858133714,TRUE,TRUE
1021,23752.68,717926.5519368323,TRUE,TRUE
1022,42776.98,710176.7820544573,TRUE,FALSE
1023,11407.84,621122.0239330549,TRUE,TRUE
1024,22301.82,622327.8331059881,TRUE,TRUE
1025,89142.01,871763.9754538881,FALSE,FALSE
1026,41358.04,614419.4329116561,TRUE,FALSE
1027,27730.59,857464.4985261769,TRUE,TRUE
1028,25309.56,799853.2878688748,TRUE,TRUE
1029,40385.27,760561.4341492623,TRUE,FALSE
1030,21816.84,670052.0562311674,TRUE,TRUE
1031,63787.15,637483.5534638833,FALSE,FALSE
1032,21324.82,620946.3615795888,TRUE,TRUE
1033,38968.22,858960.5756319689,TRUE,TRUE
1034,58461.96,669773.7745826461,FALSE,FALSE
1035,31046.99,612932.8932795333,TRUE,TRUE
1036,18331.08,778411.352248197,TRUE,TRUE
1037,41843.88,567253.2235498704,TRUE,FALSE
1038,45826.86,563911.9712392187,FALSE,FALSE
1039,11668.65,664664.8695785042,TRUE,TRUE
1040,38691.57,757787.6033808242,TRUE,TRUE
1041,18479.93,576649.6376726665,TRUE,TRUE
1042,72747.89,814424.9101424771,FALSE,FALSE
1043,19839.5,783805.6861008232,TRUE,TRUE
1044,2924.07,750025.1083534394,TRUE,TRUE
1045,168442.64,954913.1851793545,FALSE,FALSE
1046,24252.24,809579.5769998537,TRUE,TRUE
1047,7381.62,636732.4065608054,TRUE,TRUE
1048,45710.42,566179.8501553171,TRUE,FALSE
1049,91957.35,769599.7352734695,FALSE,FALSE
1050,35407.72,692862.7428275839,TRUE,TRUE
1051,39373.55,744541.5325847054,TRUE,TRUE
1052,26788.27,836439.7225442608,TRUE,TRUE
1053,59598.69,759117.8655094714,FALSE,FALSE
1054,70959.54,857054.4927687504,FALSE,FALSE
1055,49275.42,768840.212166971,TRUE,FALSE
1056,3029.77,597273.8525113399,TRUE,TRUE
1057,13106.45,768319.9803087369,TRUE,TRUE
1058,29228.81,758099.7696168592,TRUE,TRUE
1059,45905.5,711206.1075829362,TRUE,FALSE
1060,25607.95,965268.4706518138,TRUE,TRUE
1061,108522.78,834704.2576186364,FALSE,FALSE
1062,6681.87,667266.1281460433,TRUE,TRUE
1063,27952.66,646097.6604150909,TRUE,TRUE
1064,31942.97,726011.8876837684,FALSE,TRUE
1065,16261.3,654635.6756848381,TRUE,TRUE
1066,99841.6,874870.1528864099,FALSE,FALSE
1067,55846.08,707746.8652483813,FALSE,FALSE
1068,25589.67,751317.3734672427,TRUE,TRUE
1069,20190.09,670714.5570309176,TRUE,TRUE
1070,23906.6,654289.808292998,TRUE,TRUE
1071,11690.07,637177.0726608613,TRUE,TRUE
1072,30275.67,882492.3988135532,TRUE,TRUE
1073,36041.68,623707.6700219305,TRUE,TRUE
1074,51019.77,610210.9536640539,FALSE,FALSE
1075,20834.76,561258.5761793471,TRUE,TRUE
1076,12341.07,659870.4502166044,TRUE,TRUE
1077,43823.13,666541.19912783,TRUE,FALSE
1078,41768.98,676060.8135199097,TRUE,FALSE
1079,68938.92,820507.0171771885,FALSE,FALSE
1080,21412.56,583015.4895926553,TRUE,TRUE
1081,52417.39,686131.6217246077,FALSE,FALSE
1082,56293.63,666318.5658258516,FALSE,FALSE
1083,23564.49,687752.4673153119,TRUE,TRUE
1084,18615.68,765577.3125502107,TRUE,TRUE
1085,30751.82,718938.0828917201,FALSE,TRUE
1086,44488.92,614292.129211334,TRUE,FALSE
1087,17585.69,719452.5623387386,TRUE,TRUE
1088,43396.96,574147.6585355429,TRUE,FALSE
1089,20914.52,722163.7883896152,TRUE,TRUE
1090,14387.13,752576.8312818173,TRUE,TRUE
1091,23536.43,732183.0256963248,TRUE,TRUE
1092,24777.29,555259.477632931,TRUE,TRUE
1093,33315.26,885142.8456807453,FALSE,TRUE
1094,20706.74,641582.5475738783,TRUE,TRUE
1095,51851.44,607719.4408204556,FALSE,FALSE
1096,7380.95,628170.7904235078,TRUE,TRUE
1097,12807.25,705905.4850730689,TRUE,TRUE
1098,20815.46,707149.1794481621,TRUE,TRUE
1099,21829.15,758377.4245236884,TRUE,TRUE
1100,45293.4,489819.41040787695,TRUE,FALSE
1101,31063.74,704641.5898307548,TRUE,TRUE
1102,15454.35,655555.4835415615,TRUE,TRUE
1103,28747.36,760344.5710582299,TRUE,TRUE
1104,63524.01,565082.6653642242,FALSE,FALSE
1105,45739.19,677292.1721981708,FALSE,FALSE
1106,15219.05,795713.074767436,TRUE,TRUE
1107,57457.77,769670.1795159134,FALSE,FALSE
1108,102540.7,692372.0171667583,FALSE,FALSE
1109,11335.15,687203.3842904831,TRUE,TRUE
1110,47117.16,548250.2577550975,TRUE,FALSE
1111,64740.71,784084.9452194084,FALSE,FALSE
1112,29448.44,706393.2246030688,TRUE,TRUE
1113,81229.05,702304.5211560118,FALSE,FALSE
1114,88870.44,660626.9833154024,FALSE,FALSE
1115,24696.52,975599.9388022996,TRUE,TRUE
1116,66758.81,697712.2602919964,FALSE,FALSE
1117,19426.31,684853.1723922874,TRUE,TRUE
1118,13376.44,729576.0894278159,TRUE,TRUE
1119,55740.11,788724.9872100775,FALSE,FALSE
1120,13972.93,722579.2813020395,TRUE,TRUE
1121,46094.45,774234.7769015427,FALSE,FALSE
1122,59093.13,761834.7003441658,FALSE,FALSE
1123,77032.59,720937.734459759,FALSE,FALSE
1124,28860.9,779691.9667041842,TRUE,TRUE
1125,30219.8,847420.693345171,TRUE,TRUE
1126,71549.69,758021.6727470104,FALSE,FALSE
1127,53607.29,777724.5013273321,FALSE,FALSE
1128,52717.59,690694.0034409895,FALSE,FALSE
1129,135842.7,927888.170804587,FALSE,FALSE
1130,60467.91,657160.185244568,FALSE,FALSE
1131,51105.76,676202.7832099057,FALSE,FALSE
1132,25494.24,709848.88261399,TRUE,TRUE
1133,64161.46,742655.4404447703,FALSE,FALSE
1134,50929.03,474183.12404393393,FALSE,FALSE
1135,28596.88,723666.5040858552,TRUE,TRUE
1136,42845.84,725888.6152189173,TRUE,FALSE
1137,43526.52,654257.3044545392,TRUE,FALSE
1138,27469.55,751425.2545093673,TRUE,TRUE
1139,9928.29,471121.89677001146,TRUE,TRUE
1140,8691.23,792287.3849777419,TRUE,TRUE
1141,7956.87,722685.1150944006,TRUE,TRUE
1142,44941.17,525684.1345526145,TRUE,FALSE
1143,25993.56,613878.7786540273,TRUE,TRUE
1144,21154.05,746991.9645666407,TRUE,TRUE
1145,23967.13,812687.274152459,TRUE,TRUE
1146,26157.17,686358.0126428205,TRUE,TRUE
1147,8370.43,748730.1979959722,TRUE,TRUE
1148,24288.77,739584.519568397,TRUE,TRUE
1149,28588.69,787319.2293530336,TRUE,TRUE
1150,43856.34,632562.719418804,TRUE,FALSE
1151,33113.85,704306.8741612928,TRUE,TRUE
1152,23074.05,613317.0425458755,TRUE,TRUE
1153,42700.75,488434.58423344453,TRUE,FALSE
1154,25605.04,670667.2514711724,TRUE,TRUE
1155,69690.82,678787.0892084253,FALSE,FALSE
1156,11084.34,690038.0077687963,TRUE,TRUE
1157,14943.23,701769.7004287506,TRUE,TRUE
1158,138836.79,897261.3411399964,FALSE,FALSE
1159,157777.45,984254.1002246451,FALSE,FALSE
1160,59945.54,870052.2606930523,FALSE,FALSE
1161,26071.92,692028.607461368,TRUE,TRUE
1162,12191.56,600894.1618037589,TRUE,TRUE
1163,37287.1,820183.8191001317,FALSE,TRUE
1164,30178.63,705910.0780151165,TRUE,TRUE
1165,37392.79,855338.0107918347,FALSE,TRUE
1166,90349.01,735942.3934860056,FALSE,FALSE
1167,39319.64,748726.7094808123,TRUE,TRUE
1168,32948.68,842380.7379554361,FALSE,TRUE
1169,66040.52,640314.7615877399,FALSE,FALSE
1170,14385.11,516779.6112438623,TRUE,TRUE
1171,69765.77,761668.611050562,FALSE,FALSE
1172,10981.25,840637.6542740347,TRUE,TRUE
1173,31560.25,737223.4126496488,TRUE,TRUE
1174,19375.99,730211.1667424932,TRUE,TRUE
1175,121860.83,838562.6059566411,FALSE,FALSE
1176,32874.36,852623.7724248426,TRUE,TRUE
1177,62843.28,748854.7411426523,FALSE,FALSE
1178,20946.54,634718.9011379627,TRUE,TRUE
1179,8247.73,748021.3671749212,TRUE,TRUE
1180,5993.1,710216.9215680027,TRUE,TRUE
1181,15858.64,610167.7616728327,TRUE,TRUE
1182,50287.61,652221.5188631678,FALSE,FALSE
1183,24966.53,683392.9061544822,TRUE,TRUE
1184,8355.77,507969.46214578307,TRUE,TRUE
1185,92007.64,796793.5887585797,FALSE,FALSE
1186,42050.61,586323.4196850564,TRUE,FALSE
1187,37108.6,777207.0221491677,TRUE,TRUE
1188,61455.49,703196.54666845,FALSE,FALSE
1189,89953.48,693843.5966993985,FALSE,FALSE
1190,86540.85,616060.7844582404,FALSE,FALSE
1191,20362.85,622242.4579906946,TRUE,TRUE
1192,28579.56,710869.0001530515,TRUE,TRUE
1193,25278.74,707685.0713958575,TRUE,TRUE
1194,21307.82,802252.2357883849,TRUE,TRUE
1195,8242.82,695910.6060427971,TRUE,TRUE
1196,61413.08,837076.2841777499,FALSE,FALSE
1197,8730.29,629742.6930621553,TRUE,TRUE
1198,20935.86,814101.3472979128,TRUE,TRUE
1199,22896.16,727271.9561454366,TRUE,TRUE
1200,27097.06,809275.5289206635,TRUE,TRUE
1201,12555.92,757593.6278216499,TRUE,TRUE
1202,90379.07,749049.0684273014,FALSE,FALSE
1203,52832.21,722141.4042422322,FALSE,FALSE
1204,172626.56,1082133.6057966708,FALSE,FALSE
1205,37137.9,680823.5804886686,TRUE,TRUE
1206,63461.77,790621.496984619,FALSE,FALSE
1207,11121.12,663314.2059738117,TRUE,TRUE
1208,47341.86,715846.9395786515,TRUE,FALSE
1209,41032.68,744709.2146603779,FALSE,FALSE
1210,77005.71,687511.9027821097,FALSE,FALSE
1211,86484.82,677112.596090399,FALSE,FALSE
1212,35854.39,884393.0604772904,TRUE,TRUE
1213,25118.76,629057.19892243715,TRUE,TRUE
1214,97231.87,707878.8505025748,FALSE,FALSE
1215,50955.9,684026.4301703698,FALSE,FALSE
1216,79223.41,783137.5877203142,FALSE,FALSE
1217,44674.6,663991.9520179692,TRUE,FALSE
1218,7036.96,695823.8214243586,TRUE,TRUE
1219,26571.32,934959.8099063273,TRUE,TRUE
1220,13355.27,706149.0261697712,TRUE,TRUE
1221,49526.36,581937.2796697053,FALSE,FALSE
1222,34594.95,691134.1490845572,FALSE,TRUE
1223,25989.42,630008.3377191233,TRUE,TRUE
1224,1506,641934.2716847302,TRUE,TRUE
1225,47414.93,576384.3185327626,FALSE,FALSE
1226,41956.09,623005.6050145347,FALSE,FALSE
1227,9876.42,618542.0761161101,TRUE,TRUE
1228,68880.2,817652.5295646356,FALSE,FALSE
1229,49441.84,723459.3524957024,TRUE,FALSE
1230,40059.86,599249.7167025446,TRUE,FALSE
1231,83263.7,858570.6730003208,FALSE,FALSE
1232,23331.84,843071.8627331171,TRUE,TRUE
1233,40271.35,623885.8744268487,TRUE,FALSE
1234,12439.28,729475.3271547045,TRUE,TRUE
1235,51705.99,681000.3667693564,FALSE,FALSE
1236,27268.78,774771.2579649718,TRUE,TRUE
1237,22959.41,716366.0592439584,TRUE,TRUE
1238,21021.99,659041.0041357884,TRUE,TRUE
1239,37845.78,907255.5599031671,TRUE,TRUE
1240,32244.36,705680.3413392524,TRUE,TRUE
1241,5898.04,696326.8201688093,TRUE,TRUE
1242,3972.11,682874.2137960815,TRUE,TRUE
1243,57444.57,704416.0476929909,FALSE,FALSE
1244,64114.94,511333.0092176381,FALSE,FALSE
1245,24993.87,533198.238974966,TRUE,TRUE
1246,25984.15,620802.7697572818,TRUE,TRUE
1247,7154.84,572252.6552738681,TRUE,TRUE
1248,62740.47,403072.50767939363,FALSE,FALSE
1249,40572.56,746302.7522561185,TRUE,FALSE
1250,7492.49,660164.2461239307,TRUE,TRUE
1251,19791.46,681585.4565182051,TRUE,TRUE
1252,78545.97,609552.5771151609,FALSE,FALSE
1253,20203,723365.6622015442,TRUE,TRUE
1254,64298.93,543851.3739443977,FALSE,FALSE
1255,31192.03,617938.8457726837,TRUE,TRUE
1256,49836.31,796352.8109525898,FALSE,FALSE
1257,30859.42,798751.689219033,TRUE,TRUE
1258,21330.3,837132.3372074211,TRUE,TRUE
1259,47145.38,660995.6464011116,TRUE,FALSE
1260,48424.32,651038.5541495143,TRUE,FALSE
1261,16173,551332.8356334621,TRUE,TRUE
1262,17639.25,654598.9150307185,TRUE,TRUE
1263,9122.11,735874.0297582803,TRUE,TRUE
1264,41786.95,899752.7750424007,TRUE,FALSE
1265,26059.68,736240.1217728746,TRUE,TRUE
1266,18493.66,603979.5607603956,TRUE,TRUE
1267,55838.48,677757.3878822526,FALSE,FALSE
1268,47700.34,477934.1457855508,TRUE,FALSE
1269,28825.57,594892.9498489149,TRUE,TRUE
1270,12363.76,834722.3373369949,TRUE,TRUE
1271,52576.34,581480.2210452307,FALSE,FALSE
1272,11330.53,600698.9718544607,TRUE,TRUE
1273,17201.35,743635.6426698467,TRUE,TRUE
1274,16048.43,771552.0814995931,TRUE,TRUE
1275,39995.47,756425.7461218624,TRUE,TRUE
1276,9524.44,650307.6704040045,TRUE,TRUE
1277,15457.61,741890.9027655227,TRUE,TRUE
1278,38215.41,733025.645586318,TRUE,TRUE
1279,33370.53,753552.712328636,TRUE,TRUE
1280,7307.66,661746.4980236508,TRUE,TRUE
1281,12222.72,739780.2601123234,TRUE,TRUE
1282,47515.72,598666.3405555863,TRUE,FALSE
1283,46569.08,599907.6611238999,TRUE,FALSE
1284,29172.14,757974.2880031634,TRUE,TRUE
1285,16625.01,617173.1296999949,TRUE,TRUE
1286,10320.13,619719.4829575643,TRUE,TRUE
1287,30407.34,982040.0950408982,TRUE,TRUE
1288,53197.09,687386.7542878607,FALSE,FALSE
1289,46013.32,648371.8178306377,TRUE,FALSE
1290,27121.17,712916.9497575449,TRUE,TRUE
1291,35589.78,702178.5026057285,TRUE,TRUE
1292,93440.13,782240.1702237043,FALSE,FALSE
1293,36753.34,685206.7313140776,TRUE,TRUE
1294,71600.25,812246.723735841,FALSE,FALSE
1295,36375.42,771885.3535298265,TRUE,TRUE
1296,30412.58,690616.8294321112,TRUE,TRUE
1297,2515.18,779981.1899601349,TRUE,TRUE
1298,47677.61,715295.9425789411,FALSE,FALSE
1299,22173.73,694869.1053638374,TRUE,TRUE
1300,13278.67,726961.739541154,TRUE,TRUE
1301,44451.93,689104.5029505889,TRUE,FALSE
1302,67312.26,732821.8189993748,FALSE,FALSE
1303,62854.68,662344.0255904857,FALSE,FALSE
1304,29576.18,405717.6988528542,TRUE,TRUE
1305,42518.25,670557.0430384314,TRUE,FALSE
1306,36003.39,959143.2674766579,TRUE,TRUE
1307,36827.12,637585.2597738681,FALSE,TRUE
1308,41527.02,649658.3392142549,TRUE,FALSE
1309,58574.78,631858.1391330981,FALSE,FALSE
1310,18437.68,634021.137143883,TRUE,TRUE
1311,94026.15,878105.5631875335,FALSE,FALSE
1312,18854.63,517050.1189342144,TRUE,TRUE
1313,37672.91,807615.9842837965,TRUE,TRUE
1314,5115.92,627858.3648491505,TRUE,TRUE
1315,77471.29,970589.8272162514,FALSE,FALSE
1316,66006.58,740532.982663307,FALSE,FALSE
1317,23381.61,827374.2749324051,TRUE,TRUE
1318,110608.16,689151.6293724054,FALSE,FALSE
1319,14035.98,806366.5392123796,TRUE,TRUE
1320,53525.33,523963.84147192445,FALSE,FALSE
1321,4807.22,732402.9199667709,TRUE,TRUE
1322,77351.66,726503.335557794,FALSE,FALSE
1323,62358.82,735306.8187869409,FALSE,FALSE
1324,52788.07,483307.7628599951,FALSE,FALSE
1325,5245.69,697304.8679671043,TRUE,TRUE
1326,49169.02,702262.4497227024,TRUE,FALSE
1327,36543.73,743008.8169558153,TRUE,TRUE
1328,51014.49,700949.8454113061,FALSE,FALSE
1329,17404.6,823740.4650727215,TRUE,TRUE
1330,9675.69,724943.5700897673,TRUE,TRUE
1331,16575.93,729777.858307562,TRUE,TRUE
1332,52280.43,537783.3424681249,FALSE,FALSE
1333,6870.97,622342.6768726851,TRUE,TRUE
1334,19432.6,767399.6632633215,TRUE,TRUE
1335,30800.18,745304.6169930977,TRUE,TRUE
1336,18780.33,711639.8623425202,TRUE,TRUE
1337,23714.94,939065.8939548988,TRUE,TRUE
1338,24616.69,825972.6108440371,TRUE,TRUE
1339,29267.12,758440.8367805489,TRUE,TRUE
1340,13189.27,700960.0684685588,TRUE,TRUE
1341,24678.32,821961.6036236739,TRUE,TRUE
1342,55899,620457.0150742934,FALSE,FALSE
1343,79596.35,786280.7596909963,FALSE,FALSE
1344,85722.69,720065.7936125124,FALSE,FALSE
1345,24692.48,652643.9850422768,TRUE,TRUE
1346,41956.04,523301.93175772997,TRUE,FALSE
1347,96659.69,894571.603514663,FALSE,FALSE
1348,7733.59,804894.2777374978,TRUE,TRUE
1349,9100,781640.7376232508,TRUE,TRUE
1350,48847.77,625071.3516289573,TRUE,FALSE
1351,44467.4,636376.1940132896,TRUE,FALSE
1352,52347.64,721136.8049233507,FALSE,FALSE
1353,81807.85,804682.01486291,FALSE,FALSE
1354,31031.95,632308.7658710526,TRUE,TRUE
1355,111673.72,953295.0258316611,FALSE,FALSE
1356,42113.53,646348.019674155,FALSE,FALSE
1357,26279.87,933478.5822435026,TRUE,TRUE
1358,38338.39,792854.99685301,TRUE,TRUE
1359,66654.97,844226.4219903129,FALSE,FALSE
1360,57505.43,699070.4003004675,FALSE,FALSE
1361,61657.42,709379.3666117506,FALSE,FALSE
1362,15477.18,706010.3849691959,TRUE,TRUE
1363,43513.67,857678.141160198,TRUE,FALSE
1364,9584.33,685302.8277061619,TRUE,TRUE
1365,106939.07,906896.1073794146,FALSE,FALSE
1366,6328.57,529676.7545290594,TRUE,TRUE
1367,7631.61,723709.1411411752,TRUE,TRUE
1368,32225.33,616478.376900992,TRUE,TRUE
1369,34282.67,845622.5949920266,TRUE,TRUE
1370,28827.01,700031.8565074381,TRUE,TRUE
1371,28124.22,756282.071318005,TRUE,TRUE
1372,50247.99,647003.2087998575,FALSE,FALSE
1373,12126.41,687242.285374864,TRUE,TRUE
1374,26753.55,747744.1308628651,TRUE,TRUE
1375,26019.21,697767.7372145345,TRUE,TRUE
1376,30442.88,789597.8515654943,TRUE,TRUE
1377,22078.14,486649.47312938405,TRUE,TRUE
1378,80381.54,484971.44934227236,FALSE,FALSE
1379,96597.46,950808.4728732851,FALSE,FALSE
1380,78025.53,593252.8357127375,FALSE,FALSE
1381,104038.36,747627.5157364873,FALSE,FALSE
1382,7638.78,461455.5179857546,TRUE,TRUE
1383,30594.32,950081.5458096681,TRUE,TRUE
1384,34854.24,704565.8483268169,TRUE,TRUE
1385,49837.91,713270.8297349177,TRUE,FALSE
1386,23298.31,700899.7023831892,TRUE,TRUE
1387,8175.53,690050.2125631131,TRUE,TRUE
1388,67966.16,750844.2614343191,FALSE,FALSE
1389,181127.2,998106.013274041,FALSE,FALSE
1390,27291.03,642760.6139050454,TRUE,TRUE
1391,48763.59,689561.863006176,FALSE,FALSE
1392,4801.04,755427.8313571415,TRUE,TRUE
1393,30728.42,586754.3096596684,TRUE,TRUE
1394,20358.35,688346.7677099142,TRUE,TRUE
1395,34753.6,839080.1167734687,TRUE,TRUE
1396,94713.33,717029.6696547371,FALSE,FALSE
1397,4331.14,624094.0510070261,TRUE,TRUE
1398,35064.57,541494.1147074286,TRUE,TRUE
1399,29409.08,819675.4294344316,TRUE,TRUE
1400,75306.8,890413.3991987392,FALSE,FALSE
1401,30507.88,739942.2808388957,TRUE,TRUE
1402,35134.36,806591.5469379771,TRUE,TRUE
1403,10653.58,955747.4035224454,TRUE,TRUE
1404,9789.22,778947.1635730702,TRUE,TRUE
1405,34892.08,683107.6812664764,TRUE,TRUE
1406,65690.78,561706.2628183377,FALSE,FALSE
1407,68149.99,681582.6114934131,FALSE,FALSE
1408,6705.98,548127.5386873152,TRUE,TRUE
1409,47768.01,810609.6810665375,FALSE,FALSE
1410,58268.68,715724.7287881812,FALSE,FALSE
1411,12694.85,800712.1714063251,TRUE,TRUE
1412,8795.75,680239.5137193803,TRUE,TRUE
1413,30999.92,792952.7092643135,TRUE,TRUE
1414,115423.6,802133.3179581617,FALSE,FALSE
1415,101139.83,775090.0922249119,FALSE,FALSE
1416,30587.72,733091.0470359505,TRUE,TRUE
1417,11846.9,543242.1065153137,TRUE,TRUE
1418,15991.48,688239.6875714603,TRUE,TRUE
1419,24098.54,808181.9449424123,TRUE,TRUE
1420,46051.34,535331.1849587461,TRUE,FALSE
1421,13715.64,602293.1152854678,TRUE,TRUE
1422,30045.78,838510.6183432098,FALSE,TRUE
1423,37459.92,790042.1418587182,TRUE,TRUE
1424,40483.57,761364.7836862882,TRUE,FALSE
1425,34666.35,682217.5610291383,TRUE,TRUE
1426,98225.28,813298.2439731746,FALSE,FALSE
1427,21896.73,682987.9541468164,TRUE,TRUE
1428,6904.58,779258.4070544124,TRUE,TRUE
1429,23649.19,989290.037510252,TRUE,TRUE
1430,9692.21,708054.250587162,TRUE,TRUE
1431,108966.58,644793.9891551806,FALSE,FALSE
1432,34157.58,765259.2301893068,TRUE,TRUE
1433,76068.16,700500.6868673008,FALSE,FALSE
1434,33099.22,794650.9797294523,FALSE,TRUE
1435,39152.17,772653.935117357,TRUE,TRUE
1436,24342.95,798904.1605681506,TRUE,TRUE
1437,52519.6,734913.4143952641,FALSE,FALSE
1438,32187.66,847119.6044304373,TRUE,TRUE
1439,55852.81,768552.8035842835,FALSE,FALSE
1440,44103.4,723089.8066708613,TRUE,FALSE
1441,12007.09,745571.3542657787,TRUE,TRUE
1442,24408.07,742460.3081103897,TRUE,TRUE
1443,49006.38,673612.7371648034,TRUE,FALSE
1444,38745.09,687790.0139981301,TRUE,TRUE
1445,5271.18,893362.3846554552,TRUE,TRUE
1446,4194.17,714204.1745917597,TRUE,TRUE
1447,15950.93,734822.3883662081,TRUE,TRUE
1448,31178.16,681655.2984174505,FALSE,TRUE
1449,26387.88,724878.3100658342,TRUE,TRUE
1450,42793.1,676814.49376899,TRUE,FALSE
1451,35987.54,837171.4495733185,TRUE,TRUE
1452,57302.04,693938.9340413605,FALSE,FALSE
1453,61152.29,660558.7967660159,FALSE,FALSE
1454,2872.43,711015.3237576084,TRUE,TRUE
1455,71170.08,675196.0825191934,FALSE,FALSE
1456,77278.09,623553.2291243591,FALSE,FALSE
1457,19071.26,629011.2794505722,TRUE,TRUE
1458,31210.44,692730.591613153,FALSE,TRUE
1459,15915.52,663727.2896258992,TRUE,TRUE
1460,38760.16,782585.7916381734,TRUE,TRUE
1461,49152.83,461771.77592536935,TRUE,FALSE
1462,40130.27,637640.1009781442,TRUE,FALSE
1463,53372.17,687637.8917407527,FALSE,FALSE
1464,40147.32,619207.8361274024,TRUE,FALSE
1465,20021.71,646534.5916682167,TRUE,TRUE
1466,41397.93,610327.2865621179,FALSE,FALSE
1467,19941.53,756036.4661641518,TRUE,TRUE
1468,43654.15,513756.2395771985,TRUE,FALSE
1469,41152.73,519059.72010707116,TRUE,FALSE
1470,59770.24,732911.1233601383,FALSE,FALSE
1471,154235.58,1056244.922176362,FALSE,FALSE
1472,6990.79,855737.2691022145,TRUE,TRUE
1473,20394.35,791174.0055661084,TRUE,TRUE
1474,27337.7,853735.7745412866,TRUE,TRUE
1475,13912.54,684256.6724889436,TRUE,TRUE
1476,50518.05,504828.22771048045,FALSE,FALSE
1477,70880.37,833189.4135071156,FALSE,FALSE
1478,22010.56,518965.26444453304,TRUE,TRUE
1479,79831.31,937509.2384571682,FALSE,FALSE
1480,46822.66,690728.1765697728,TRUE,FALSE
1481,55860.33,584342.9895936011,FALSE,FALSE
1482,11029.9,813511.1719425344,TRUE,TRUE
1483,42700.15,633470.4292433644,FALSE,FALSE
1484,23820.15,714597.117535919,TRUE,TRUE
1485,16536.26,783483.4173065884,TRUE,TRUE
1486,25904.21,793515.4320341406,TRUE,TRUE
1487,46262.73,391165.5381746583,TRUE,FALSE
1488,71267.53,680538.8525894581,FALSE,FALSE
1489,27259.51,963296.8205196245,TRUE,TRUE
1490,56344.44,664079.6390069535,FALSE,FALSE
1491,61153.1,616922.6661789063,FALSE,FALSE
1492,61443.29,741372.5956915825,FALSE,FALSE
1493,37787.83,811261.8406791153,TRUE,TRUE
1494,21307.55,769323.0334545306,TRUE,TRUE
1495,27240.62,708199.3460627694,TRUE,TRUE
1496,53173.17,646982.9258726353,FALSE,FALSE
1497,88434.22,1015358.559116837,FALSE,FALSE
1498,7590.23,626408.1951542988,TRUE,TRUE
1499,5278.76,697595.3864789183,TRUE,TRUE
1500,116624.67,850455.2463113858,FALSE,FALSE
1501,36374.14,748516.8390695528,FALSE,TRUE
1502,34064.64,886267.0194715413,TRUE,TRUE
1503,27281.98,862085.2372768724,TRUE,TRUE
1504,23706.9,752490.6072636175,TRUE,TRUE
1505,51226.89,664627.9357426052,FALSE,FALSE
1506,6509.21,441714.7043698495,TRUE,TRUE
1507,26290.87,790060.0689509751,TRUE,TRUE
1508,37891.94,874405.670923746,FALSE,TRUE
1509,12593.3,927087.0703366186,TRUE,TRUE
1510,109233.73,867391.1333019428,FALSE,FALSE
1511,27806.43,873638.8806093652,TRUE,TRUE
1512,14724.11,768793.7802048714,TRUE,TRUE
1513,41329.32,795687.3728896176,FALSE,FALSE
1514,26617.49,756786.7759938352,TRUE,TRUE
1515,10917.05,740168.8195063841,TRUE,TRUE
1516,25047.07,677117.8445038676,TRUE,TRUE
1517,76311.65,651537.9896366667,FALSE,FALSE
1518,53607.3,658237.6282537265,FALSE,FALSE
1519,46637.64,620499.1508232978,TRUE,FALSE
1520,59941.01,799180.4019288165,FALSE,FALSE
1521,49555.71,671925.8090741622,TRUE,FALSE
1522,32418.2,835007.615076324,TRUE,TRUE
1523,67010.96,913419.9782158834,FALSE,FALSE
1524,140307.72,942157.4608152844,FALSE,FALSE
1525,43568.15,670558.2926063368,FALSE,FALSE
1526,23217.53,723068.4203107615,TRUE,TRUE
1527,95610.72,681709.0883650811,FALSE,FALSE
1528,24287.69,779044.8536927962,TRUE,TRUE
1529,20431.75,579015.4693629276,TRUE,TRUE
1530,9648.18,652740.0677584906,TRUE,TRUE
1531,20992.22,670435.684923811,TRUE,TRUE
1532,35764.47,796651.5025297317,TRUE,TRUE
1533,70197.1,813041.9022969969,FALSE,FALSE
1534,8906.62,793024.7788378578,TRUE,TRUE
1535,41359.97,780657.8487916476,TRUE,FALSE
1536,32689.77,782035.3281949072,TRUE,TRUE
1537,6315.99,656447.5676072596,TRUE,TRUE
1538,1770.19,559023.48149936,TRUE,TRUE
1539,10186.73,538667.7325029508,TRUE,TRUE
1540,7079.97,657098.5371236091,TRUE,TRUE
1541,79410.29,642812.9508047056,FALSE,FALSE
1542,11996.52,693063.3389629913,TRUE,TRUE
1543,34557.49,764187.7938496551,FALSE,TRUE
1544,24940.71,530957.1421430439,TRUE,TRUE
1545,85178.54,771887.0303291783,FALSE,FALSE
1546,53027.74,848242.3458208985,FALSE,FALSE
1547,50114.82,565945.0389962783,FALSE,FALSE
1548,199328.68,1154091.5077587278,FALSE,FALSE
1549,38232.5,811191.4075245379,TRUE,TRUE
1550,25132.22,809404.5682604621,TRUE,TRUE
1551,17047.74,679127.4465321961,TRUE,TRUE
1552,35846.72,753619.1734303406,TRUE,TRUE
1553,16589.15,787307.5593581997,TRUE,TRUE
1554,43317.35,676138.5124697331,TRUE,FALSE
1555,38247.47,712901.004447124,TRUE,TRUE
1556,15344.4,631572.9380300303,TRUE,TRUE
1557,3012.82,611881.7235934045,TRUE,TRUE
1558,16189.24,736318.2473909721,TRUE,TRUE
1559,10976.22,738616.7412838048,TRUE,TRUE
1560,15883.89,500584.5738171622,TRUE,TRUE
1561,27329.47,586299.1509944417,TRUE,TRUE
1562,23133.03,744566.6645413161,TRUE,TRUE
1563,79878.15,831014.27422410506,FALSE,FALSE
1564,24595.98,703288.4554809987,TRUE,TRUE
1565,40472.48,641212.6181561128,TRUE,FALSE
1566,20445.26,768247.5781947242,TRUE,TRUE
1567,31403.7,731382.2016941966,TRUE,TRUE
1568,25612.47,653819.2581901621,TRUE,TRUE
1569,67347.48,679240.3055599325,FALSE,FALSE
1570,5168.19,792050.2738504357,TRUE,TRUE
1571,57455.66,765906.1575800581,FALSE,FALSE
1572,8153.36,686562.9268228494,TRUE,TRUE
1573,76995.96,684536.1352109694,FALSE,FALSE
1574,86340.91,716407.1067958166,FALSE,FALSE
1575,21618.71,722284.8745764415,TRUE,TRUE
1576,115266.31,712410.8218997384,FALSE,FALSE
1577,22418.15,837421.0502496602,TRUE,TRUE
1578,24244.27,716801.3067954201,TRUE,TRUE
1579,48937.87,727685.3085083338,TRUE,FALSE
1580,60310.52,700310.088506893,FALSE,FALSE
1581,19282.13,705173.912685937,TRUE,TRUE
1582,21314.17,717183.5379001315,TRUE,TRUE
1583,11603.24,697095.163292711,TRUE,TRUE
1584,19649.94,698314.7758308774,TRUE,TRUE
1585,83144.96,723405.7949145332,FALSE,FALSE
1586,32669.66,667360.4494578145,TRUE,TRUE
1587,23734.58,808378.0782506978,TRUE,TRUE
1588,32518.28,629073.4811841443,TRUE,TRUE
1589,53559.87,638856.0113370661,FALSE,FALSE
1590,12176.93,589580.1986183297,TRUE,TRUE
1591,139914.71,1055890.5396184432,FALSE,FALSE
1592,102169.55,766633.8606976031,FALSE,FALSE
1593,51262.09,380929.63107426977,FALSE,FALSE
1594,8160.73,723835.4206413528,TRUE,TRUE
1595,46098.68,482168.02266624395,TRUE,FALSE
1596,11512.15,657433.7939846036,TRUE,TRUE
1597,51894.01,704191.150046215,FALSE,FALSE
1598,35526.68,677520.608905107,TRUE,TRUE
1599,15135.71,582585.144131622,TRUE,TRUE
1600,45787.23,699073.602285773,TRUE,FALSE
1601,35975.35,652069.9817083479,TRUE,TRUE
1602,9671.04,677830.9442671725,TRUE,TRUE
1603,14301.69,799590.5284262187,TRUE,TRUE
1604,57972.5,617730.8541424619,FALSE,FALSE
1605,66952.12,691708.2687151668,FALSE,FALSE
1606,12172.43,705541.6831612161,TRUE,TRUE
1607,35211.76,914931.8851710244,FALSE,TRUE
1608,13953.16,724641.5133951491,TRUE,TRUE
1609,16653.59,674435.7371454358,TRUE,TRUE
1610,42216.84,725396.6566096691,TRUE,FALSE
1611,34678.27,619823.4797959763,TRUE,TRUE
1612,31436.93,761574.3454583241,TRUE,TRUE
1613,49348.42,580137.932064471,FALSE,FALSE
1614,5867.18,784906.7942219978,TRUE,TRUE
1615,40495.76,568920.8566732617,TRUE,FALSE
1616,45732.6,577709.9265847565,FALSE,FALSE
1617,25121.15,760001.0312926141,TRUE,TRUE
1618,137425.7,909433.7063832763,FALSE,FALSE
1619,13363.55,872195.1111406861,TRUE,TRUE
1620,41815.27,789715.1386416717,TRUE,FALSE
1621,42166.33,698492.2180708384,TRUE,FALSE
1622,11062.03,664043.564972288,TRUE,TRUE
1623,93484.51,821701.5199384827,FALSE,FALSE
1624,39222.11,752498.121158738,TRUE,TRUE
1625,32777.17,704742.6494732515,TRUE,TRUE
1626,7076.68,458956.38200117816,TRUE,TRUE
1627,18747.85,813560.6203447253,TRUE,TRUE
1628,12855.04,828681.6693576222,TRUE,TRUE
1629,1517.15,849540.0131829708,TRUE,TRUE
1630,8791.33,629783.4895876604,TRUE,TRUE
1631,12371.86,610405.9677828692,TRUE,TRUE
1632,34118.49,775319.0384745317,TRUE,TRUE
1633,12250.71,632471.3779821228,TRUE,TRUE
1634,60467.42,661866.7562747945,FALSE,FALSE
1635,31239.83,717281.7652834017,TRUE,TRUE
1636,25068.01,824727.3521125093,TRUE,TRUE
1637,27902.51,790424.5395265281,TRUE,TRUE
1638,36147.26,749674.9865736946,TRUE,TRUE
1639,35439.5,840686.4475363393,FALSE,TRUE
1640,4542.82,772186.7406965073,TRUE,TRUE
1641,19448.23,553163.6885534329,TRUE,TRUE
1642,38947.9,792357.1016250947,FALSE,TRUE
1643,31229.98,627358.1130911626,TRUE,TRUE
1644,70955.85,941591.3721537102,FALSE,FALSE
1645,72159.98,646187.921308616,FALSE,FALSE
1646,70389.94,580531.6714954607,FALSE,FALSE
1647,27903.49,721994.2275043776,TRUE,TRUE
1648,10390.58,702750.2776524975,TRUE,TRUE
1649,43166.49,686730.2871557517,TRUE,FALSE
1650,29278.88,620403.0242266278,TRUE,TRUE
1651,100309.63,819160.5402667376,FALSE,FALSE
1652,36719.45,770044.9709077752,TRUE,TRUE
1653,40726.86,660460.4970450094,TRUE,FALSE
1654,61986.25,753875.3811326093,FALSE,FALSE
1655,76142.26,841605.4680725764,FALSE,FALSE
1656,50625.89,552833.7161650418,FALSE,FALSE
1657,14503.43,700832.189853933,TRUE,TRUE
1658,57824.4,533758.2084181427,FALSE,FALSE
1659,80198.54,762886.0193326646,FALSE,FALSE
1660,20749.61,767482.9474346043,TRUE,TRUE
1661,24619.42,705820.097971128,TRUE,TRUE
1662,9012.16,588460.459337432,TRUE,TRUE
1663,47244.8,580597.0185699192,FALSE,FALSE
1664,22524.79,969930.9848820267,TRUE,TRUE
1665,37110.39,712508.5402074257,FALSE,TRUE
1666,36915.41,908729.1526551095,TRUE,TRUE
1667,38386.13,752364.840806733,TRUE,TRUE
1668,27663.95,889362.5667704073,TRUE,TRUE
1669,17221.67,541913.8841257965,TRUE,TRUE
1670,29938.15,718167.0895173801,TRUE,TRUE
1671,27135.1,726304.1426247808,TRUE,TRUE
1672,46437.17,681599.7274959009,TRUE,FALSE
1673,57084.92,736544.7071732488,FALSE,FALSE
1674,33328.1,748831.0567409338,TRUE,TRUE
1675,27457.84,631821.5148853838,TRUE,TRUE
1676,24422.8,610645.1001196888,TRUE,TRUE
1677,57317.73,635238.3442845112,FALSE,FALSE
1678,49284.48,628720.3342737812,TRUE,FALSE
1679,50709.43,685768.4967898747,FALSE,FALSE
1680,36589.28,574467.9244687776,TRUE,TRUE
1681,23563.8,666760.1290060467,TRUE,TRUE
1682,87561.72,762514.7891713495,FALSE,FALSE
1683,7957.88,697961.9234063916,TRUE,TRUE
1684,13418.18,558531.0529191229,TRUE,TRUE
1685,21474.21,705301.7214072213,TRUE,TRUE
1686,7802.18,597016.4321908394,TRUE,TRUE
1687,56856.62,645385.043085794,FALSE,FALSE
1688,20155.23,656067.0978150661,TRUE,TRUE
1689,19743.43,878862.2193951448,TRUE,TRUE
1690,78122.27,640369.7125738764,FALSE,FALSE
1691,57572.13,654872.0902476835,FALSE,FALSE
1692,68347.1,623505.7434623063,FALSE,FALSE
1693,33283.52,759068.3588519621,TRUE,TRUE
1694,17865.43,646585.0356054972,TRUE,TRUE
1695,45478.49,722301.842828429,TRUE,FALSE
1696,2744.36,675265.9406375904,TRUE,TRUE
1697,10579.39,803675.2513602367,TRUE,TRUE
1698,28598.07,737672.9832492326,TRUE,TRUE
1699,18005.71,735668.6989170103,TRUE,TRUE
1700,33678.69,815274.7819085289,TRUE,TRUE
1701,53641.5,439118.47700859,FALSE,FALSE
1702,57403.81,438573.0093493713,FALSE,FALSE
1703,36046.41,772330.6541041131,FALSE,TRUE
1704,18917.6,535771.8171311845,TRUE,TRUE
1705,60793.81,735050.9001790485,FALSE,FALSE
1706,45854.09,679847.3535211479,TRUE,FALSE
1707,71589.65,876573.8873417679,FALSE,FALSE
1708,56404.14,577374.2914564572,FALSE,FALSE
1709,68815.95,761414.6248003087,FALSE,FALSE
1710,54797.58,655572.8425987237,FALSE,FALSE
1711,62764.66,763549.1442166696,FALSE,FALSE
1712,120602.39,927905.9265638608,FALSE,FALSE
1713,15408.19,832743.2639910706,TRUE,TRUE
1714,7103.27,618283.6650862326,TRUE,TRUE
1715,17571.03,777583.5188659529,TRUE,TRUE
1716,49862.21,595528.0063985968,TRUE,FALSE
1717,63709.76,886923.8851191347,FALSE,FALSE
1718,34537.42,860365.4296689387,TRUE,TRUE
1719,20433.54,791257.3092634799,TRUE,TRUE
1720,22944.33,821439.3249560948,TRUE,TRUE
1721,33283.4,624184.5511958306,TRUE,TRUE
1722,34093.11,894424.8250106986,TRUE,TRUE
1723,47187.42,689628.1567777371,TRUE,FALSE
1724,62586.95,543288.3275949135,FALSE,FALSE
1725,15571.4,737747.4025682379,TRUE,TRUE
1726,43981.58,706641.9900294632,FALSE,FALSE
1727,50206.28,603143.7241516141,FALSE,FALSE
1728,47680.48,614458.5371388695,TRUE,FALSE
1729,44137.92,702504.9739867123,FALSE,FALSE
1730,33324.78,741105.8670390131,TRUE,TRUE
1731,50125.78,493927.7638219764,FALSE,FALSE
1732,9199.69,626784.8958538809,TRUE,TRUE
1733,15413.51,647922.526679006,TRUE,TRUE
1734,41669.84,785918.5312757625,TRUE,FALSE
1735,30897.07,720263.9528068235,TRUE,TRUE
1736,52557.87,501915.46297608444,FALSE,FALSE
1737,76448.36,793519.7636162715,FALSE,FALSE
1738,25301.1,686738.4421843956,TRUE,TRUE
1739,36360.93,852326.546044288,TRUE,TRUE
1740,8671.73,770946.5457996228,TRUE,TRUE
1741,126562.61,847388.3274991702,FALSE,FALSE
1742,65668.73,591251.3630399376,FALSE,FALSE
1743,39961.25,721881.5073840992,TRUE,TRUE
1744,12280.29,819822.4974136878,TRUE,TRUE
1745,54258,750329.9834541075,FALSE,FALSE
1746,18632.92,500149.8254943612,TRUE,TRUE
1747,17164.35,671714.0160145306,TRUE,TRUE
1748,17473.76,511728.3602899681,TRUE,TRUE
1749,54835.8,767661.3529532548,FALSE,FALSE
1750,104194.12,763739.6807050916,FALSE,FALSE
1751,53120.61,619941.7145744921,FALSE,FALSE
1752,29786.9,723376.8240190237,TRUE,TRUE
1753,41980.23,616155.1715324192,FALSE,FALSE
1754,48315.85,755249.0963678448,TRUE,FALSE
1755,14392.8,596170.1640175233,TRUE,TRUE
1756,33169.78,745923.8663898106,TRUE,TRUE
1757,51805.89,769267.8479112859,FALSE,FALSE
1758,4023.3,553940.845353195,TRUE,TRUE
1759,23785.66,647391.8286856117,TRUE,TRUE
1760,26434.66,764958.114216798,TRUE,TRUE
1761,12154.93,544890.7002439224,TRUE,TRUE
1762,27961.67,564790.2257934634,TRUE,TRUE
1763,2802.34,838464.88262512465,TRUE,TRUE
1764,34778.34,733162.7772888329,TRUE,TRUE
1765,6255.13,637796.2666318907,TRUE,TRUE
1766,50900.17,647816.2244722144,FALSE,FALSE
1767,21273.82,777494.5882731589,TRUE,TRUE
1768,123092.92,1051070.3341909307,FALSE,FALSE
1769,108327.87,755779.7369936189,FALSE,FALSE
1770,37272.34,737767.6998264318,TRUE,TRUE
1771,15964.09,668379.0424434901,TRUE,TRUE
1772,7734.56,621850.4872100427,TRUE,TRUE
1773,32130.7,793736.5667766359,TRUE,TRUE
1774,43487.63,756106.3550108135,TRUE,FALSE
1775,153399.12,914152.4385198446,FALSE,FALSE
1776,1874.02,687025.2006168739,TRUE,TRUE
1777,7559.18,554198.4624788379,TRUE,TRUE
1778,63799.11,729679.7256447913,FALSE,FALSE
1779,35591.41,605534.9501769356,TRUE,TRUE
1780,24516.79,472516.2304647813,TRUE,TRUE
1781,19175.88,617931.8986243675,TRUE,TRUE
1782,20831.45,581536.4380643364,TRUE,TRUE
1783,29209.17,781467.6326754806,TRUE,TRUE
1784,18094.67,677897.5101306377,TRUE,TRUE
1785,6307.32,779615.1831501245,TRUE,TRUE
1786,13238.14,650159.4292300795,TRUE,TRUE
1787,26580.06,749708.3399707829,TRUE,TRUE
1788,67288.85,483282.9185141849,FALSE,FALSE
1789,51715.47,614114.5737973978,FALSE,FALSE
1790,47303.77,645637.4650517646,FALSE,FALSE
1791,16542.06,691362.1553068643,TRUE,TRUE
1792,60196.93,544987.9032220164,FALSE,FALSE
1793,26350.96,631622.8721897086,TRUE,TRUE
1794,81094.05,559182.5236134394,FALSE,FALSE
1795,20998.17,708795.2522450841,TRUE,TRUE
1796,67529.43,899729.0250607552,FALSE,FALSE
1797,54780.09,759071.1094628625,FALSE,FALSE
1798,34349.78,688640.0122098956,TRUE,TRUE
1799,29540.37,904017.932084301,TRUE,TRUE
1800,12682.17,776190.8068353306,TRUE,TRUE
1801,10569.85,649329.2538132761,TRUE,TRUE
1802,15689.97,750183.4843095456,TRUE,TRUE
1803,194114.76,775039.1930777985,FALSE,FALSE
1804,12888.29,742344.8830197597,TRUE,TRUE
1805,33931.65,687984.9280210854,TRUE,TRUE
1806,63855.7,571403.6107081876,FALSE,FALSE
1807,19107.76,661692.391834978,TRUE,TRUE
1808,20527.96,657394.479180571,TRUE,TRUE
1809,60249.17,663385.7107301044,FALSE,FALSE
1810,74912.13,554090.0220369227,FALSE,FALSE
1811,40182.01,551243.7731554146,TRUE,FALSE
1812,27774.44,790640.6160587094,TRUE,TRUE
1813,54544.21,696274.0511154331,FALSE,FALSE
1814,55718.4,607677.1966670395,FALSE,FALSE
1815,22288.28,754283.2321431077,TRUE,TRUE
1816,19376.34,699233.5480854786,TRUE,TRUE
1817,32494.25,871327.2818587688,TRUE,TRUE
1818,42325.62,618570.570211188,TRUE,FALSE
1819,3882.99,808639.6467662829,TRUE,TRUE
1820,61546.3,490010.3023233394,FALSE,FALSE
1821,8023.35,693804.1047082194,TRUE,TRUE
1822,52962.36,602838.9656396809,FALSE,FALSE
1823,20307.48,682282.3370512229,TRUE,TRUE
1824,25730.64,795488.8400790168,TRUE,TRUE
1825,50501.99,689846.2651063752,FALSE,FALSE
1826,62021.22,662983.7661328603,FALSE,FALSE
1827,83584.4,704570.6622729589,FALSE,FALSE
1828,33326.03,749148.594609606,TRUE,TRUE
1829,30710.06,778623.8835393026,TRUE,TRUE
1830,84667.13,771580.6503202855,FALSE,FALSE
1831,44590.87,677104.5619248932,TRUE,FALSE
1832,79935.11,569185.0215833802,FALSE,FALSE
1833,41646.23,649080.3177773389,TRUE,FALSE
1834,22356.26,642787.9968468525,TRUE,TRUE
1835,18362.71,788185.6537868248,TRUE,TRUE
1836,95777.87,716592.8808872309,FALSE,FALSE
1837,31704.81,660946.4561175884,TRUE,TRUE
1838,80960.86,835230.6196263807,FALSE,FALSE
1839,70797.05,753516.6630948646,FALSE,FALSE
1840,14510.06,514618.16557096393,TRUE,TRUE
1841,26741.38,768880.8467521409,TRUE,TRUE
1842,132335.53,802533.4617182456,FALSE,FALSE
1843,7138.92,641918.4157754534,TRUE,TRUE
1844,28817.96,864772.633188631,TRUE,TRUE
1845,25317.39,806686.4902764704,TRUE,TRUE
1846,39244.22,575415.9946525814,TRUE,TRUE
1847,119828.89,741338.2648283131,FALSE,FALSE
1848,19486.65,751248.6842835497,TRUE,TRUE
1849,58898.17,730062.5558786672,FALSE,FALSE
1850,34720.32,774765.4327674912,TRUE,TRUE
1851,6196.8,709287.1041802729,TRUE,TRUE
1852,20628.57,696956.3846334184,TRUE,TRUE
1853,17332.43,681438.7812209283,TRUE,TRUE
1854,35212.11,696649.4066876909,TRUE,TRUE
1855,18500.7,667978.2050963128,TRUE,TRUE
1856,26420.57,630952.2757446987,TRUE,TRUE
1857,15190.08,630413.0023742993,TRUE,TRUE
1858,48593.93,647057.5778444129,TRUE,FALSE
1859,16048.16,647563.5063846692,TRUE,TRUE
1860,14913.48,678700.844754863,TRUE,TRUE
1861,34571.54,656843.7757409853,TRUE,TRUE
1862,64534.68,721446.9939670129,FALSE,FALSE
1863,11238.61,777632.4108650693,TRUE,TRUE
1864,32501.19,612462.6895100167,TRUE,TRUE
1865,45977.65,685339.4844157521,FALSE,FALSE
1866,76794.45,617101.9460690299,FALSE,FALSE
1867,26104.21,702301.8210007383,TRUE,TRUE
1868,33004.68,598706.9581153974,TRUE,TRUE
1869,24029.22,676784.7836520784,TRUE,TRUE
1870,29723.48,546415.616594919,TRUE,TRUE
1871,8140.71,776682.1210691845,TRUE,TRUE
1872,47572.1,736799.5140255962,TRUE,FALSE
1873,65804.18,780776.9319567615,FALSE,FALSE
1874,11816.1,586611.5422647792,TRUE,TRUE
1875,12720.83,503278.93918658275,TRUE,TRUE
1876,60880.41,714022.096877032,FALSE,FALSE
1877,81289.39,714710.1486057396,FALSE,FALSE
1878,106508.39,721571.7505551926,FALSE,FALSE
1879,54670.68,641076.0001952265,FALSE,FALSE
1880,14982.65,593588.5658182005,TRUE,TRUE
1881,40610.25,703393.1551822401,TRUE,FALSE
1882,25977.9,534115.0503639393,TRUE,TRUE
1883,31399.79,769324.8984752977,TRUE,TRUE
1884,15135.72,711396.8994743592,TRUE,TRUE
1885,22820.78,604634.469291558,TRUE,TRUE
1886,70195.24,621429.0151119814,FALSE,FALSE
1887,39181.58,764082.8013304379,TRUE,TRUE
1888,45422.41,682537.2762086034,TRUE,FALSE
1889,12536.23,719932.2047024949,TRUE,TRUE
1890,24849.68,599768.8824747839,TRUE,TRUE
1891,110417.59,947594.697538264,FALSE,FALSE
1892,56663.85,638466.226120897,FALSE,FALSE
1893,35175.35,722612.3398776099,TRUE,TRUE
1894,38472.12,808893.4895584625,TRUE,TRUE
1895,25320.03,733671.0684215501,TRUE,TRUE
1896,25689.33,781166.7498614187,TRUE,TRUE
1897,42073.11,671298.1588893885,TRUE,FALSE
1898,60462,643867.8763864865,FALSE,FALSE
1899,7403.73,680844.4281389018,TRUE,TRUE
1900,47983.27,636669.5409713357,TRUE,FALSE
1901,23724.32,842334.4841198677,TRUE,TRUE
1902,5903.93,618840.2399957681,TRUE,TRUE
1903,42689.77,676939.9392287948,TRUE,FALSE
1904,19188.39,732805.5958578129,TRUE,TRUE
1905,58001.24,604695.4805427925,FALSE,FALSE
1906,46291.94,638931.7660792401,TRUE,FALSE
1907,14142.57,762581.546862372,TRUE,TRUE
1908,58009.16,556764.6532630943,FALSE,FALSE
1909,53111.92,700395.9079040771,FALSE,FALSE
1910,25833.43,889627.4451100845,TRUE,TRUE
1911,14689.55,865615.7146387673,TRUE,TRUE
1912,44124.15,645033.9420116168,TRUE,FALSE
1913,44394.56,740623.660971025,FALSE,FALSE
1914,36227.3,602383.1225906687,TRUE,TRUE
1915,8628.17,838099.0421750835,TRUE,TRUE
1916,35420.39,757216.2276257998,FALSE,TRUE
1917,22063.53,789624.2655771673,TRUE,TRUE
1918,48366.6,723537.1949665479,TRUE,FALSE
1919,52262.11,773691.8488661121,FALSE,FALSE
1920,46889.67,720469.8763707818,TRUE,FALSE
1921,27729.45,476756.6702639843,TRUE,TRUE
1922,36017.38,838495.0064639907,TRUE,TRUE
1923,44781.52,679390.2331052974,TRUE,FALSE
1924,21309.09,715519.7172105415,TRUE,TRUE
1925,15645.08,627937.1300125378,TRUE,TRUE
1926,91962.32,776242.337352067,FALSE,FALSE
1927,81724.98,669314.7173518187,FALSE,FALSE
1928,21867.53,695714.7721485903,TRUE,TRUE
1929,126269.75,899191.4555432618,FALSE,FALSE
1930,81313.02,703741.8156218014,FALSE,FALSE
1931,18514.32,641747.6078776525,TRUE,TRUE
1932,39896.6,818542.9074205921,TRUE,TRUE
1933,74488.96,742514.3140845327,FALSE,FALSE
1934,55363.39,606162.6307048423,FALSE,FALSE
1935,72611.8,752221.3592058441,FALSE,FALSE
1936,13995.68,667941.6374325827,TRUE,TRUE
1937,116099.17,740769.463527465,FALSE,FALSE
1938,37874.7,772834.1505461148,FALSE,TRUE
1939,12530.54,581583.0495244716,TRUE,TRUE
1940,69942.05,722494.420650968,FALSE,FALSE
1941,24828.94,822424.1374595286,TRUE,TRUE
1942,18959.22,730909.1035899235,TRUE,TRUE
1943,67016.46,725830.0371733318,FALSE,FALSE
1944,62759.26,596133.0723890838,FALSE,FALSE
1945,60973.25,780281.9171994228,FALSE,FALSE
1946,54863.85,764466.2187675263,FALSE,FALSE
1947,42961.16,782117.484295339,TRUE,FALSE
1948,30824.95,778163.7740359185,TRUE,TRUE
1949,31833.5,788921.6454105068,FALSE,TRUE
1950,34870.25,612374.9143850433,TRUE,TRUE
1951,87734.08,665667.2709204038,FALSE,FALSE
1952,89332.74,648485.1878533876,FALSE,FALSE
1953,39917.95,690999.611460805,TRUE,TRUE
1954,34399.84,608465.5087810485,TRUE,TRUE
1955,28111.27,760320.2132108004,TRUE,TRUE
1956,106807.01,803001.5593102146,FALSE,FALSE
1957,79473.3,673832.7581539144,FALSE,FALSE
1958,12865.08,657604.752713593,TRUE,TRUE
1959,51653.1,688857.1007523229,FALSE,FALSE
1960,38967.38,768614.2441269874,TRUE,TRUE
1961,35231.87,766249.6075148524,TRUE,TRUE
1962,39475.76,730692.3322495166,TRUE,TRUE
1963,53070.11,739151.0327121655,FALSE,FALSE
1964,46379.17,620679.4061363481,TRUE,FALSE
1965,83101.47,783838.868758537,FALSE,FALSE
1966,20019.83,770774.4723437242,TRUE,TRUE
1967,16219.29,773832.7674331181,TRUE,TRUE
1968,38576.29,746913.7036838641,TRUE,TRUE
1969,4672.17,659005.5410545068,TRUE,TRUE
1970,70348.03,677539.57637948694,FALSE,FALSE
1971,16254.83,704928.440884304,TRUE,TRUE
1972,49725.8,798451.1734877607,TRUE,FALSE
1973,13719.97,632089.7286292049,TRUE,TRUE
1974,44721.63,631826.1434022429,TRUE,FALSE
1975,42384.67,648111.907576421,TRUE,FALSE
1976,15398.86,816217.7189902745,TRUE,TRUE
1977,15456.11,599160.9107771625,TRUE,TRUE
1978,49435.07,696797.3042947568,TRUE,FALSE
1979,6259.22,541664.5970674895,TRUE,TRUE
1980,6541.18,452103.2404826766,TRUE,TRUE
1981,72071.16,541220.0463437213,FALSE,FALSE
1982,20652.62,627352.1878167585,TRUE,TRUE
1983,15421.64,748623.1518842704,TRUE,TRUE
1984,10691.05,728270.7280915681,TRUE,TRUE
1985,36676.98,853210.7489763014,TRUE,TRUE
1986,52987.86,639711.7716253013,FALSE,FALSE
1987,4262.01,729763.5646039402,TRUE,TRUE
1988,29121.97,955796.2597459547,TRUE,TRUE
1989,45051.79,601236.3303191616,TRUE,FALSE
1990,74237.16,711585.225715101,FALSE,FALSE
1991,43853.63,654499.8956675858,FALSE,FALSE
1992,48359.53,698498.2938892144,TRUE,FALSE
1993,18630.57,876906.8322101141,TRUE,TRUE
1994,5169.78,659239.5584007553,TRUE,TRUE
1995,18524.09,867480.6453203466,TRUE,TRUE
1996,21911.19,752224.7328170171,TRUE,TRUE
1997,104229.6,887919.7933851352,FALSE,FALSE
1998,41495.29,474670.36890313984,FALSE,FALSE
1999,14900.48,652679.1235638175,TRUE,TRUE
2000,12544.72,686845.2208014738,TRUE,TRUE
2001,10369.65,650194.9682425323,TRUE,TRUE
2002,28967.18,563122.2158589285,TRUE,TRUE
2003,61550.7,659077.0074136119,FALSE,FALSE
2004,96307.59,950442.4451902568,FALSE,FALSE
2005,30939.42,690711.6519270035,TRUE,TRUE
2006,16186.14,674300.6599836872,TRUE,TRUE
2007,11935.78,814781.2031697411,TRUE,TRUE
2008,5883.6,491148.02991513116,TRUE,TRUE
2009,15334.78,590944.3711028928,TRUE,TRUE
2010,38627.32,688783.1329973865,TRUE,TRUE
2011,16724.15,599869.1580675545,TRUE,TRUE
2012,90027.07,650163.5178326048,FALSE,FALSE
2013,39110.23,707786.4982388696,TRUE,TRUE
2014,54260.82,519994.5816807563,FALSE,FALSE
2015,45887.32,638675.1206333867,FALSE,FALSE
2016,2953.81,698449.1831160164,TRUE,TRUE
2017,10917.43,617143.743922292,TRUE,TRUE
2018,38542.01,898099.2952159406,TRUE,TRUE
2019,44581.04,614640.1519814781,TRUE,FALSE
2020,78247.14,586273.346260102,FALSE,FALSE
2021,23060.7,846279.2944054956,TRUE,TRUE
2022,32722.38,715720.3621766425,TRUE,TRUE
2023,41229.96,535380.7149780261,TRUE,FALSE
2024,79668.88,719030.7493231336,FALSE,FALSE
2025,45743.19,563675.7141571995,TRUE,FALSE
2026,111941.4,895905.1167542473,FALSE,FALSE
2027,19259.07,621334.5576644837,TRUE,TRUE
2028,8212.76,666206.3167917769,TRUE,TRUE
2029,35720.01,529292.3012211616,TRUE,TRUE
2030,26065.36,633462.0753782385,TRUE,TRUE
2031,52316.62,735144.2237758766,FALSE,FALSE
2032,21459.75,673644.4437464655,TRUE,TRUE
2033,44092.3,579938.50294074,TRUE,FALSE
2034,51811.27,668024.2507091686,FALSE,FALSE
2035,75556.11,633872.3290180848,FALSE,FALSE
2036,73072.77,670928.7163408333,FALSE,FALSE
2037,12042.88,670156.9217979879,TRUE,TRUE
2038,49786.31,632290.4872911364,TRUE,FALSE
2039,29613.04,790675.4909021051,TRUE,TRUE
2040,15990.06,678073.5615377098,TRUE,TRUE
2041,58018.45,764421.430951949,FALSE,FALSE
2042,61528.46,572358.7245052007,FALSE,FALSE
2043,8453.99,647024.7690103905,TRUE,TRUE
2044,51021.23,633499.4772447038,FALSE,FALSE
2045,40061.3,576471.4613790055,TRUE,FALSE
2046,48052.53,693101.040235258,TRUE,FALSE
2047,105925.34,864425.7191338087,FALSE,FALSE
2048,33304.6,716666.002412237,TRUE,TRUE
2049,41985.21,697759.7180929695,TRUE,FALSE
2050,24401.99,567745.0549509791,TRUE,TRUE
2051,14072.41,752664.5728632172,TRUE,TRUE
2052,11628.09,671441.9134495838,TRUE,TRUE
2053,47757.25,571979.9488750232,TRUE,FALSE
2054,32636.76,665802.0815686416,TRUE,TRUE
2055,23245.43,752353.9005757842,TRUE,TRUE
2056,26224.99,696243.9254151295,TRUE,TRUE
2057,54794.74,652422.2026061708,FALSE,FALSE
2058,4656.02,822966.9935221281,TRUE,TRUE
2059,28553.69,636072.5725792387,TRUE,TRUE
2060,29547.71,717664.9238411996,TRUE,TRUE
2061,48089.99,667709.9717625274,TRUE,FALSE
2062,43271.68,593562.8134337186,TRUE,FALSE
2063,29423.37,880750.4895965595,TRUE,TRUE
2064,32008.73,801188.4065381906,TRUE,TRUE
2065,61968.34,593924.8228185454,FALSE,FALSE
2066,74331.23,645310.0218756474,FALSE,FALSE
2067,31577.58,795861.115787215,TRUE,TRUE
2068,6143.75,753441.3570545719,TRUE,TRUE
2069,13537.59,860446.3169456983,TRUE,TRUE
2070,6421.81,647628.6753273605,TRUE,TRUE
2071,39200.24,732754.9248560163,TRUE,TRUE
2072,10941.04,674248.3179555165,TRUE,TRUE
2073,52130.76,633466.7270538624,FALSE,FALSE
2074,20426.6,679701.6913989269,TRUE,TRUE
2075,82934.74,743210.4904572816,FALSE,FALSE
2076,36541.47,759577.7487987544,FALSE,TRUE
2077,96863.02,790158.3132155836,FALSE,FALSE
2078,19611.81,585056.6232110123,TRUE,TRUE
2079,35280.71,637227.6426140143,FALSE,TRUE
2080,113687.67,824176.3684998709,FALSE,FALSE
2081,60560.53,625543.4807818244,FALSE,FALSE
2082,98819.39,766544.1940098942,FALSE,FALSE
2083,83662.24,615570.6163511699,FALSE,FALSE
2084,48033.69,474107.40119782503,TRUE,FALSE
2085,8507.84,658292.121561401,TRUE,TRUE
2086,9238.49,658666.9423309478,TRUE,TRUE
2087,81436.78,677163.7899099947,FALSE,FALSE
2088,16032.78,716273.4743168771,TRUE,TRUE
2089,75659.59,875618.0204926472,FALSE,FALSE
2090,5392.12,447290.46575322433,TRUE,TRUE
2091,21185.6,764782.8426274868,TRUE,TRUE
2092,42457.09,474798.54106473504,TRUE,FALSE
2093,45071.9,807885.7996042038,TRUE,FALSE
2094,137221.81,911451.8845094182,FALSE,FALSE
2095,41995.88,577168.2214778598,TRUE,FALSE
2096,43878.87,702542.2013135037,FALSE,FALSE
2097,55313.2,440514.55968225846,FALSE,FALSE
2098,42967.86,763017.4639065418,TRUE,FALSE
2099,21042.58,755000.3976480062,TRUE,TRUE
2100,76150.72,870455.8767786232,FALSE,FALSE
2101,5251,630565.0319832287,TRUE,TRUE
2102,21590.31,673449.516288898,TRUE,TRUE
2103,13449.58,740617.4791619608,TRUE,TRUE
2104,22560.27,670376.1515117732,TRUE,TRUE
2105,77891.12,711221.6712319076,FALSE,FALSE
2106,44201.67,654057.8621331283,TRUE,FALSE
2107,58695.92,633565.7121762647,FALSE,FALSE
2108,100456.86,765265.8792030872,FALSE,FALSE
2109,28723.99,437808.19635528536,TRUE,TRUE
2110,19784.95,591745.832545111,TRUE,TRUE
2111,20668.66,599107.2564466412,TRUE,TRUE
2112,60680.97,527468.5902549386,FALSE,FALSE
2113,40882.43,688335.5292592886,TRUE,FALSE
2114,16731.91,716156.2721072189,TRUE,TRUE
2115,36154.84,688550.6630185216,TRUE,TRUE
2116,50702.44,673513.4380089322,FALSE,FALSE
2117,81658.28,786170.3720372366,FALSE,FALSE
2118,27510.33,700798.2427444962,TRUE,TRUE
2119,91853.56,896224.1961566792,FALSE,FALSE
2120,17437.5,509634.62013069744,TRUE,TRUE
2121,79258.45,720248.9606836033,FALSE,FALSE
2122,49249.46,749021.686859376,TRUE,FALSE
2123,89677.73,872467.6406391645,FALSE,FALSE
2124,40967.4,693627.1476547357,TRUE,FALSE
2125,52645.23,808894.9732041068,FALSE,FALSE
2126,132747.14,913100.7281090568,FALSE,FALSE
2127,78752.64,591147.5694752184,FALSE,FALSE
2128,16875.76,922275.2485557775,TRUE,TRUE
2129,9219.11,596089.7457258978,TRUE,TRUE
2130,1573.41,527638.6904916806,TRUE,TRUE
2131,33012,747822.788880623,TRUE,TRUE
2132,69226.16,695740.7987678122,FALSE,FALSE
2133,18480.69,902808.3818753114,TRUE,TRUE
2134,11017.67,610153.469232683,TRUE,TRUE
2135,26271.17,782529.5963213125,TRUE,TRUE
2136,28433.77,616953.3401020627,TRUE,TRUE
2137,32025.25,848928.4575894059,TRUE,TRUE
2138,57243.48,778002.7700659861,FALSE,FALSE
2139,23095.75,836007.3384289102,TRUE,TRUE
2140,64427.66,559690.2392856858,FALSE,FALSE
2141,36958.9,772701.3351736537,FALSE,TRUE
2142,76450.99,546810.866553047,FALSE,FALSE
2143,62018.35,807041.0538773355,FALSE,FALSE
2144,7293.91,674355.6324188012,TRUE,TRUE
2145,28968.25,524730.2212924432,TRUE,TRUE
2146,75770.05,722787.9491198146,FALSE,FALSE
2147,16153.11,675141.9219555109,TRUE,TRUE
2148,65993.55,776121.1808399629,FALSE,FALSE
2149,97087.37,610072.356836789,FALSE,FALSE
2150,74873.8,787838.0843904993,FALSE,FALSE
2151,13004.69,741323.2802643453,TRUE,TRUE
2152,19081.5,721836.6830082034,TRUE,TRUE
2153,20254.03,856989.2846119836,TRUE,TRUE
2154,43962.92,583029.107796987,TRUE,FALSE
2155,43335.56,418282.2738132073,TRUE,FALSE
2156,46237.6,625856.1398741293,TRUE,FALSE
2157,37042.16,718866.4446516825,TRUE,TRUE
2158,41778.05,634613.6310521815,TRUE,FALSE
2159,24248.5,633417.2181331731,TRUE,TRUE
2160,37810.52,856991.9318372745,TRUE,TRUE
2161,26037.12,825472.6827475451,TRUE,TRUE
2162,28519.09,735378.5263021999,TRUE,TRUE
2163,36476.8,713381.2419271811,TRUE,TRUE
2164,91760.26,687517.3698306179,FALSE,FALSE
2165,33315.18,862481.1716904464,TRUE,TRUE
2166,27884.23,767374.4176577737,TRUE,TRUE
2167,23795.08,798006.9301832049,TRUE,TRUE
2168,83339.49,811317.2695900896,FALSE,FALSE
2169,42673.33,576656.2446143832,TRUE,FALSE
2170,14298.21,793235.3458896318,TRUE,TRUE
2171,108545.98,933535.8688849704,FALSE,FALSE
2172,51812.3,697003.1117109003,FALSE,FALSE
2173,46565.44,751065.497579094,TRUE,FALSE
2174,62257.65,604631.9289810027,FALSE,FALSE
2175,20406.79,767684.4081945354,TRUE,TRUE
2176,28386.97,657314.330636199,TRUE,TRUE
2177,46755.64,592153.9540145518,FALSE,FALSE
2178,9734.73,679070.53436989,TRUE,TRUE
2179,91466.45,1021444.2923634666,FALSE,FALSE
2180,41700.18,529523.2806468953,FALSE,FALSE
2181,5429.48,679905.5587934109,TRUE,TRUE
2182,37481.6,856512.04478105,TRUE,TRUE
2183,17169.19,561518.6948511202,TRUE,TRUE
2184,57432.84,480925.70833997533,FALSE,FALSE
2185,6212.35,745563.6473409141,TRUE,TRUE
2186,2144.75,511632.57543138333,TRUE,TRUE
2187,34406,955927.3432183152,TRUE,TRUE
2188,24883.22,757746.9735465418,TRUE,TRUE
2189,48729.61,480468.32799246063,TRUE,FALSE
2190,54543.28,722630.6680397353,FALSE,FALSE
2191,29040.17,527260.1422224612,TRUE,TRUE
2192,83625.92,652123.5577477928,FALSE,FALSE
2193,161771.38,765981.553683122,FALSE,FALSE
2194,48770.16,619519.9706771203,TRUE,FALSE
2195,29368.46,792193.6567214923,TRUE,TRUE
2196,30255.2,513493.75374860363,TRUE,TRUE
2197,42157.56,695954.6600459756,TRUE,FALSE
2198,11058.43,810963.2212298375,TRUE,TRUE
2199,14335.16,725191.2153752515,TRUE,TRUE
2200,49087.27,874040.6463796811,TRUE,FALSE
