ID,test_score,final_score,Race,Sex,aig
0001,92.40832519721745,88.07591699475964,White,Male,TRUE
0002,72.77237971968758,58.217569209589115,Hispanic,Male,FALSE
0003,53.6508983672208,51.96543181346922,White,Female,FALSE
0004,98.32688290036721,77.48956053253954,White,Male,TRUE
0005,69.71219364629356,44.12888291195089,White,Male,FALSE
0006,68.06771013965319,50.13143269750885,Hispanic,Male,FALSE
0007,86.03047600648331,83.05074399953847,Asian,Female,TRUE
0008,85.68573262522804,76.73619699944945,Black,Female,TRUE
0009,85.90494415948736,67.7811360409757,Asian,Female,TRUE
0010,89.52847789250352,89.91582868504926,White,Male,TRUE
0011,84.80980643892954,79.97045146602343,White,Male,TRUE
0012,90.58161909414983,84.85449925157111,White,Female,TRUE
0013,88.34225626204841,81.52766128397961,Asian,Female,TRUE
0014,76.6797695525353,67.58564081518475,White,Female,TRUE
0015,57.065385611957886,52.43177554585756,Hispanic,Female,FALSE
0016,79.57018522869579,75.3514872815062,White,Female,TRUE
0017,85.24073186019778,79.16776501773627,Black,Female,TRUE
0018,89.73990741609855,87.32926522898521,Hispanic,Female,TRUE
0019,88.98772812145911,77.48990769380123,White,Male,TRUE
0020,75.45039095091457,63.9613898692617,White,Female,TRUE
0021,84.98274715966102,68.35787854419392,White,Female,TRUE
0022,84.33338812672437,73.76827673856151,Hispanic,Male,TRUE
0023,69.06855157261134,67.46631371622694,Black,Male,FALSE
0024,87.42874382060926,84.56920686638264,White,Male,TRUE
0025,94.20474141014117,87.30219155029525,White,Male,TRUE
0026,66.5452076737732,67.72791397242847,Black,Male,FALSE
0027,90.81676989003721,80.0944122376815,White,Female,TRUE
0028,78.03018038937208,63.39598569510531,Black,Male,TRUE
0029,89.98368635350703,93.23919563180216,White,Male,TRUE
0030,53.15066929519083,45.20027155443442,White,Female,FALSE
0031,84.78921601890549,78.94444402507114,White,Male,TRUE
0032,87.60624452292201,84.32199697564909,White,Male,TRUE
0033,85.11732241160514,71.07957526190978,Hispanic,Male,TRUE
0034,95.34362206305677,81.9125628196071,Asian,Male,TRUE
0035,92.0828629551259,87.51975561627702,Black,Female,TRUE
0036,97.82939040900712,89.01112054931306,White,Female,TRUE
0037,93.44639534018064,92.02735735771196,White,Female,TRUE
0038,82.33103947391561,59.70099128235405,White,Male,TRUE
0039,84.66401322158757,78.527888102544,White,Female,TRUE
0040,91.22577602618772,86.03632422487257,White,Male,TRUE
0041,89.17583674186551,82.79212844705462,White,Male,TRUE
0042,82.13539597959483,80.11014973797089,White,Female,TRUE
0043,90.54360048200147,89.51641855267063,White,Male,TRUE
0044,90.29856791503616,90.06486783905461,White,Female,TRUE
0045,91.56763411085227,71.80674852504107,Black,Female,TRUE
0046,92.76793865221444,76.49895601487766,White,Male,TRUE
0047,85.40191332005934,74.4545929833678,Black,Male,TRUE
0048,85.06130937840983,76.38114165967838,White,Male,TRUE
0049,96.29529324235315,90.31751234947747,White,Male,TRUE
0050,86.11953154935148,82.78541369020522,White,Female,TRUE
0051,91.5813350555496,87.77565809670858,White,Male,TRUE
0052,90.7363093653447,81.6417031787563,White,Female,TRUE
0053,80.37917749889458,74.02633485242498,White,Female,TRUE
0054,66.80812577786283,53.41222650814743,White,Male,FALSE
0055,36.857111255526135,39.07145897728749,Hispanic,Male,FALSE
0056,88.31091888535894,74.20512645683766,White,Female,TRUE
0057,92.00050158278945,70.0732248117298,Hispanic,Male,TRUE
0058,78.35429194301017,64.71597555975703,Hispanic,Male,TRUE
0059,87.15352584061259,82.88939770322455,Asian,Female,TRUE
0060,77.9048298301843,67.64070978855221,Hispanic,Female,TRUE
0061,91.83766831998624,77.2104782308913,White,Female,TRUE
0062,71.6095779955374,59.86213870315615,White,Male,FALSE
0063,77.66216952674515,80.20784780977286,Hispanic,Female,TRUE
0064,84.52856967656352,72.39540252400766,White,Female,TRUE
0065,83.34041418518302,76.16900615910737,White,Female,TRUE
0066,64.85851314454592,60.09852814463969,Black,Male,FALSE
0067,80.24223042041334,67.26392921903904,White,Male,TRUE
0068,93.80589212362926,73.40779259518771,White,Male,TRUE
0069,82.65356017557754,68.91428459830037,White,Male,TRUE
0070,80.61550286838394,81.64645476463033,White,Male,TRUE
0071,80.49674044233959,67.25683047061149,White,Male,TRUE
0072,93.67442922217452,87.20054289414566,White,Male,TRUE
0073,80.5545873461934,71.95113381589155,White,Female,TRUE
0074,59.92066305772923,53.50413618756943,Bi-Racial,Female,FALSE
0075,63.6938259752578,61.979845458904606,White,Female,FALSE
0076,67.09980970913017,58.99878069464988,Black,Male,FALSE
0077,83.83128249491422,74.12480972384338,White,Male,TRUE
0078,80.82455063403957,64.33457788857876,White,Male,TRUE
0079,92.3058636407378,82.51310300000901,Black,Female,TRUE
0080,78.655088667661,71.99046430507721,White,Male,TRUE
0081,73.20107501127133,70.5321291253795,Asian,Female,FALSE
0082,35.074855147901744,37.2738726238111,Hispanic,Female,FALSE
0083,55.93433394889268,51.316653693265515,Black,Female,FALSE
0084,85.04519002286482,72.20402589101076,White,Female,TRUE
0085,91.80347443831752,83.97212365484641,Black,Female,TRUE
0086,56.706028716271426,38.5457728216535,White,Male,FALSE
0087,70.01718538354318,61.08508217674726,White,Male,FALSE
0088,84.77795031704946,76.43062556544899,Black,Female,TRUE
0089,76.65316248359811,74.14312740865113,White,Female,TRUE
0090,85.13279617214215,70.40067393190108,Hispanic,Male,TRUE
0091,74.8534703969396,67.94114820336297,White,Male,FALSE
0092,89.59099700835496,78.18860926197124,White,Female,TRUE
0093,74.83157304908616,57.66382643741528,White,Female,FALSE
0094,71.23796997991847,69.0190402374244,White,Male,FALSE
0095,78.63794235042356,72.49783886629832,White,Female,TRUE
0096,80.8899629397619,79.7941030082528,White,Male,TRUE
0097,86.91543436056969,65.94637572090741,Hispanic,Female,TRUE
0098,91.5889802207571,74.89617793736537,White,Male,TRUE
0099,59.94513917328859,65.76437008310631,White,Male,FALSE
0100,77.40114333885269,65.87263052650405,White,Male,TRUE
0101,60.40653459644139,53.46368092510246,White,Male,FALSE
0102,92.70713800932697,85.4800883847168,White,Female,TRUE
0103,74.81616776304504,65.08277609670434,White,Male,FALSE
0104,64.27435359316851,65.68589197107119,Hispanic,Male,FALSE
0105,78.21457684935373,70.96985317909562,White,Male,TRUE
0106,80.82150874852307,85.81352996819845,White,Male,TRUE
0107,88.4031710129749,80.28138680821695,White,Male,TRUE
0108,62.41507282421869,52.48500450356897,Hispanic,Male,FALSE
0109,76.4082745405936,72.54703015894587,Black,Female,TRUE
0110,86.70864342835692,71.07219117174962,White,Female,TRUE
0111,94.63448658215509,81.92024418863375,White,Male,TRUE
0112,86.76377558119913,84.48169299174678,White,Male,TRUE
0113,73.75081756685455,48.36451064942078,Black,Male,FALSE
0114,55.603236690089815,63.09287069412642,Hispanic,Male,FALSE
0115,73.24793242569066,69.06035361027799,White,Male,FALSE
0116,92.11902554031491,87.42357493118855,White,Male,TRUE
0117,64.37938350267208,67.03417783462832,Black,Male,FALSE
0118,95.46481026772229,69.71281785725985,White,Female,TRUE
0119,83.33121381324564,67.790868269256407,White,Female,TRUE
0120,82.64031274794661,64.3352920894215,White,Male,TRUE
0121,96.9511365816474,87.9276966736438,Hispanic,Female,TRUE
0122,58.11044352458965,53.38051548429384,White,Male,FALSE
0123,86.60790196556749,69.18261457210956,White,Female,TRUE
0124,82.89144281276177,71.8192933101205,White,Female,TRUE
0125,65.12882694692695,56.30854254961139,White,Female,FALSE
0126,79.5409331067348,82.71286921683458,White,Male,TRUE
0127,67.89946348750205,56.45271479534135,Asian,Male,FALSE
0128,70.33336258318415,61.53522450741246,White,Female,FALSE
0129,72.80215346705099,66.16147974049605,White,Male,FALSE
0130,68.06298734530031,64.10497934316146,White,Female,FALSE
0131,71.38740154941505,58.748386402218216,Hispanic,Female,FALSE
0132,83.4866982153814,72.4986615792898,White,Male,TRUE
0133,76.099970863836,64.01486766186122,White,Male,TRUE
0134,75.67139167524815,69.85724208386247,White,Female,TRUE
0135,81.46609948144308,72.09611827685876,White,Female,TRUE
0136,91.08841393865194,84.16486474143517,White,Male,TRUE
0137,89.32341518891465,78.85226907229415,Bi-Racial,Male,TRUE
0138,83.66152888417314,71.24929211735032,White,Male,TRUE
0139,89.0932313312744,92.08275987760334,White,Male,TRUE
0140,81.84673449255949,76.66254627776905,White,Female,TRUE
0141,83.98761214119776,76.6679722939132,White,Male,TRUE
0142,80.69536028715936,77.165337912018,Asian,Male,TRUE
0143,70.17229638774619,59.682671219817266,White,Female,FALSE
0144,65.40756508824556,69.56733697867557,Hispanic,Female,FALSE
0145,35.92486064760146,40.16061448974667,White,Female,FALSE
0146,78.90674853502779,74.42969914261353,Hispanic,Female,TRUE
0147,82.70672991326897,80.00167308222888,Asian,Female,TRUE
0148,77.04534597235848,76.5969288475394,Black,Male,TRUE
0149,82.87219997147834,75.50121249145404,White,Male,TRUE
0150,96.37479151568884,83.73923399693774,Hispanic,Male,TRUE
0151,44.09561158322936,51.498411034650644,White,Male,FALSE
0152,88.99199865919529,76.89948318063924,White,Male,TRUE
0153,91.71027966222547,75.00669000899286,White,Female,TRUE
0154,73.58579194101526,54.81292380084639,White,Male,FALSE
0155,78.32960744331393,65.9878721462855,White,Male,TRUE
0156,99.14065744959582,77.83245115791843,White,Male,TRUE
0157,79.40418999481246,77.35177572104814,Hispanic,Female,TRUE
0158,70.03080637283254,60.20980062715395,Black,Female,FALSE
0159,58.313526652017146,43.3334655263319,Hispanic,Female,FALSE
0160,51.25367177182898,45.55723446299335,White,Female,FALSE
0161,85.21203393725378,74.79878884194075,Other,Female,TRUE
0162,63.53662598562274,45.63045769153179,Hispanic,Female,FALSE
0163,80.92728963694805,80.03737514343126,Hispanic,Female,TRUE
0164,85.57961623980916,77.59191238108865,Hispanic,Female,TRUE
0165,99.31770339663863,86.55945584494224,White,Female,TRUE
0166,88.48624016528912,78.17360911048561,Hispanic,Female,TRUE
0167,68.46337562391851,60.36007144439297,White,Male,FALSE
0168,68.18437217810053,48.371709542562414,Bi-Racial,Female,FALSE
0169,65.50954894739884,56.681828814490444,Hispanic,Male,FALSE
0170,90.27356401495464,79.60777252194326,White,Male,TRUE
0171,74.93270806682621,67.40553437167551,Black,Female,FALSE
0172,97.47134322811345,86.86162439420544,White,Female,TRUE
0173,68.51921688924261,69.33705634799168,White,Male,FALSE
0174,63.71388429000494,53.521920497903885,White,Female,FALSE
0175,74.5127794840158,55.077120311695154,White,Male,FALSE
0176,63.61913495145497,53.54418029090641,White,Female,FALSE
0177,72.1021618499021,58.39379722042038,White,Female,FALSE
0178,62.170815057431525,54.52847092968056,White,Female,FALSE
0179,52.86741234100598,50.87123275072287,White,Female,FALSE
0180,77.22611660567837,59.24827002713736,Black,Male,TRUE
0181,91.62968633181988,78.12358976125871,Hispanic,Male,TRUE
0182,69.94356779790598,47.7071078504182,White,Female,FALSE
0183,83.79775350242119,73.21182304740447,White,Male,TRUE
0184,41.592669260594164,41.79866698772468,Black,Male,FALSE
0185,95.21420726592763,86.58465724599155,Bi-Racial,Female,TRUE
0186,84.00536441214805,77.46709778263718,White,Male,TRUE
0187,69.86112281584346,63.61417805411224,White,Male,FALSE
0188,80.21661693972867,72.00272381855842,White,Female,TRUE
0189,86.40914284504487,74.87298965764026,Hispanic,Male,TRUE
0190,82.47927049203373,70.17372682949622,White,Male,TRUE
0191,65.29426076570584,64.09602525189533,White,Female,FALSE
0192,64.5793473428375,58.346126548806204,White,Male,FALSE
0193,72.5724683995726,47.46004686514439,White,Female,FALSE
0194,87.03968564681229,82.10150158658874,White,Male,TRUE
0195,64.17390444394366,59.76601705199832,Hispanic,Female,FALSE
0196,87.3218069688907,73.59760484023842,White,Male,TRUE
0197,74.4946968397575,66.67984355873755,White,Male,FALSE
0198,82.75659979751383,66.57537622160615,Asian,Female,TRUE
0199,82.0502318186581,72.58091758051384,White,Female,TRUE
0200,89.95977547017749,79.27373827113257,Hispanic,Male,TRUE
0201,75.75909063815128,83.06395308799692,Hispanic,Female,TRUE
0202,71.95422285766969,63.59088494660648,White,Female,FALSE
0203,91.30523500236394,62.969986429324855,White,Male,TRUE
0204,81.76286996797305,78.04836790127902,Hispanic,Female,TRUE
0205,77.27967370157717,68.18854689553868,Asian,Male,TRUE
0206,66.10327132626593,68.23126547984941,White,Male,FALSE
0207,76.77189766471575,67.44765873343323,White,Male,TRUE
0208,70.0405837999153,47.32197078802879,White,Female,FALSE
0209,91.48408918823478,90.6999464546675,White,Male,TRUE
0210,63.36877060004626,49.52079102891686,White,Female,FALSE
0211,63.18305175948098,53.91758619981947,Asian,Male,FALSE
0212,73.26896881790739,64.38572506010617,White,Male,FALSE
0213,45.72326523963824,54.86565947967838,White,Male,FALSE
0214,70.2259077579605,61.019239295237256,Black,Male,FALSE
0215,73.02489707394065,68.97932513744382,Asian,Male,FALSE
0216,72.95395188247072,51.93724099961204,White,Male,FALSE
0217,69.54821626903743,60.65534218033081,Hispanic,Female,FALSE
0218,54.327338981116604,41.48732765687912,White,Female,FALSE
0219,69.22578340864796,59.794462756585936,Hispanic,Female,FALSE
0220,64.50920671673909,62.550744493952415,White,Male,FALSE
0221,91.81857974869978,89.82842994436388,White,Female,TRUE
0222,83.39477146921479,85.78907905429048,White,Male,TRUE
0223,92.54449089715524,82.41867824642938,White,Male,TRUE
0224,73.14596957241892,73.48915799231482,White,Male,FALSE
0225,70.21484313376183,70.13862181284462,White,Female,FALSE
0226,56.628508261820585,54.68147652355756,White,Male,FALSE
0227,83.09754194080745,62.0600953428066,White,Female,TRUE
0228,75.00620199243339,71.55799801456264,Hispanic,Male,TRUE
0229,96.07937207344712,83.01138831525682,Hispanic,Female,TRUE
0230,71.56709747395085,59.21748691359503,White,Female,FALSE
0231,87.11818116823405,72.88380218715926,White,Female,TRUE
0232,81.52534875788065,87.711015726985,White,Male,TRUE
0233,70.62833627300992,59.94204677996835,Black,Male,FALSE
0234,64.42967015975366,52.1263601959814,White,Female,FALSE
0235,82.47775109668879,77.54361480146267,White,Female,TRUE
0236,64.33588246924683,55.362834015511396,White,Female,FALSE
0237,86.93922792654188,70.88615124532501,White,Female,TRUE
0238,60.97462036617822,56.62281108229222,White,Female,FALSE
0239,77.88091256609344,70.2397355736845,Black,Female,TRUE
0240,71.95636076795432,71.18137537978762,Asian,Male,FALSE
0241,68.84274733225502,60.85507538923883,White,Male,FALSE
0242,87.51081538156505,74.06380369293328,Black,Female,TRUE
0243,60.84737473911912,54.131234306887706,White,Male,FALSE
0244,88.7179283781494,88.44495712243,White,Male,TRUE
0245,71.94952088922034,61.50262479456876,Black,Female,FALSE
0246,89.08467943254503,73.80005210923225,White,Male,TRUE
0247,81.62977156012849,80.93211568159133,White,Male,TRUE
0248,94.8847064118077,79.3766789828331,Hispanic,Female,TRUE
0249,75.55192969816382,67.97009271776662,Hispanic,Female,TRUE
0250,56.36900554192977,44.851386214915266,White,Male,FALSE
0251,74.55464046566497,57.4130623832421,White,Male,FALSE
0252,96.09467114397965,81.08230552962492,White,Female,TRUE
0253,86.58022785824465,88.35219482491198,White,Female,TRUE
0254,92.14475774007441,84.83037071426543,White,Male,TRUE
0255,83.34286985511493,72.97713429498552,White,Female,TRUE
0256,71.26506866967658,66.9749233510812,White,Male,FALSE
0257,71.95430242972901,58.402570401635025,White,Male,FALSE
0258,86.09384744976691,78.77385303254741,White,Female,TRUE
0259,90.15207548034995,69.07530337719231,White,Male,TRUE
0260,80.64040124180369,75.58496644561158,White,Female,TRUE
0261,55.70895225061009,55.76383756634615,White,Male,FALSE
0262,77.37971788561549,75.66933535053661,White,Male,TRUE
0263,86.91495078509182,84.67103916967824,Hispanic,Male,TRUE
0264,85.15683369526784,66.31548477512105,White,Male,TRUE
0265,84.417465647933,75.89601339557973,White,Male,TRUE
0266,62.10406490696009,60.46527609105958,White,Male,FALSE
0267,42.257712299225105,42.88671575318197,Black,Male,FALSE
0268,69.40622853512708,52.42298627321366,White,Female,FALSE
0269,84.08476177348312,80.19289914801682,Black,Female,TRUE
0270,78.44028632681888,76.53059394856172,Bi-Racial,Male,TRUE
0271,85.00309044204093,77.9611147563657,White,Male,TRUE
0272,80.1829364115961,86.991687808357,Hispanic,Male,TRUE
0273,85.87016614771017,76.7010824042247,White,Female,TRUE
0274,86.89267758669334,78.112336128531,Asian,Male,TRUE
0275,75.28734343344576,74.63484916416448,Black,Male,TRUE
0276,77.3701873741741,80.78617578557527,White,Female,TRUE
0277,85.1578131199294,80.9823345248049,White,Male,TRUE
0278,95.06003913096573,81.45805428949691,White,Female,TRUE
0279,77.27034141985905,77.97085287753816,Hawaiian,Female,TRUE
0280,87.6862802033081,83.698878207635,White,Female,TRUE
0281,53.702003333907975,50.62956117695688,Hispanic,Male,FALSE
0282,90.14634200179009,82.2363318099217,White,Female,TRUE
0283,52.46850994740486,54.884438467026825,White,Female,FALSE
0284,86.91512321413343,75.12097370993439,White,Male,TRUE
0285,72.47953770255805,59.40523739375562,White,Female,FALSE
0286,58.66955832991049,61.75523789021805,White,Female,FALSE
0287,85.33810677593807,86.80112180842987,White,Female,TRUE
0288,67.00081638441274,53.54199986630752,White,Male,FALSE
0289,79.21614885579746,80.58059852543582,Black,Male,TRUE
0290,91.80865189863646,87.60440067038738,Hispanic,Female,TRUE
0291,81.98349511623657,65.25016201282207,Black,Male,TRUE
0292,81.16248011408133,74.98289917311521,White,Male,TRUE
0293,88.78490163142449,83.36886601832995,White,Male,TRUE
0294,78.66914252594212,62.965256412883235,Hispanic,Male,TRUE
0295,71.7359714148566,52.43891445508187,White,Male,FALSE
0296,57.17663552068822,60.632180146101675,Hispanic,Female,FALSE
0297,51.972312634117046,55.41860971072535,Hispanic,Male,FALSE
0298,76.04872449795107,70.4688010910086,White,Female,TRUE
0299,51.38361117817502,59.73934137912349,White,Male,FALSE
0300,88.21231180877305,81.97098077386471,White,Female,TRUE
0301,98.32367733567831,84.27333837762336,White,Female,TRUE
0302,84.73881195203296,77.87701755151687,White,Male,TRUE
0303,85.30180485104725,75.86482092287665,White,Male,TRUE
0304,98.24513196074167,82.66418509519562,White,Female,TRUE
0305,66.82121156421216,50.84297239729793,White,Male,FALSE
0306,88.42325985016058,79.62397467835794,Black,Female,TRUE
0307,81.33956817375442,81.5808627798026,White,Male,TRUE
0308,95.09458646290575,83.48092652970433,White,Female,TRUE
0309,89.40769791510773,81.30598893128786,White,Male,TRUE
0310,79.6060185518027,74.49242987859978,Black,Female,TRUE
0311,57.74767347518962,40.88782429493599,Black,Male,FALSE
0312,28.83980479105292,34.73677323707084,White,Male,FALSE
0313,77.86527872969697,64.31842601307672,White,Female,TRUE
0314,80.224687856371375,59.370952467652,Hispanic,Male,TRUE
0315,85.22333643385174,86.65845274328854,White,Female,TRUE
0316,43.388614641710184,51.80782187735103,Asian,Female,FALSE
0317,93.03128370576329,85.60745090366945,White,Male,TRUE
0318,72.18827312032742,63.43814935447797,Asian,Female,FALSE
0319,78.5436057746278,77.09501891887018,White,Female,TRUE
0320,86.4316188145049,74.46467517926612,White,Female,TRUE
0321,94.6087305018507,90.79253011346734,White,Male,TRUE
0322,73.63108962476394,65.70805624081436,Black,Male,FALSE
0323,78.43450321958892,78.31271161081975,Native,Male,TRUE
0324,89.00802753487825,82.31470368868978,White,Female,TRUE
0325,75.48269736654201,77.1627145446536,White,Female,TRUE
0326,82.06205502942247,69.5621134234833,Black,Male,TRUE
0327,87.25825339744053,76.72092568719798,Hispanic,Female,TRUE
0328,68.18130138076583,68.4010964579709,White,Female,FALSE
0329,82.8583096720472,68.45776676539471,Hispanic,Female,TRUE
0330,96.436440857371025,84.91728253278563,White,Female,TRUE
0331,99.00593981110713,78.04073455568725,Hispanic,Male,TRUE
0332,86.10142893347287,74.89846755877954,Black,Male,TRUE
0333,60.22913069866021,50.060804354245576,Black,Female,FALSE
0334,56.4481923499601,48.333077694552344,White,Male,FALSE
0335,72.02147098000988,64.25527324661691,White,Female,FALSE
0336,94.59436352620713,84.2050425619301,White,Female,TRUE
0337,74.14015475077956,68.58965290180906,White,Female,FALSE
0338,38.41107777089442,34.83654382694608,White,Male,FALSE
0339,99.77554187265713,87.01586665928545,Hispanic,Female,TRUE
0340,88.39720643995483,72.34168109853206,White,Female,TRUE
0341,53.145973568947404,53.160524273835485,White,Female,FALSE
0342,67.57055080260169,46.07393283425979,Asian,Female,FALSE
0343,61.45519350185397,48.60535647688003,Black,Male,FALSE
0344,69.12152873010052,65.70035766236197,White,Female,FALSE
0345,67.34771040260365,59.13874692900144,White,Female,FALSE
0346,77.53166719595926,73.67563494858462,Black,Male,TRUE
0347,89.79236591459316,77.7350674445235,White,Male,TRUE
0348,92.5678677106228,85.18127060601614,White,Female,TRUE
0349,77.16661836572966,78.09081422312065,White,Male,TRUE
0350,84.08039658402268,79.03383674203954,Native,Female,TRUE
0351,89.62202832649268,70.10863097949294,White,Female,TRUE
0352,69.95641855065493,64.39358195952903,White,Male,FALSE
0353,75.10046791296311,72.11551554661027,Bi-Racial,Female,TRUE
0354,91.69076838838221,86.29278213093141,White,Female,TRUE
0355,85.32611345871139,82.13227682975665,Hispanic,Female,TRUE
0356,79.00745648387216,83.29518359450495,Black,Male,TRUE
0357,93.92631878445629,75.50204718328193,Asian,Female,TRUE
0358,82.19398104566335,72.79434019723557,White,Female,TRUE
0359,87.59197894015382,84.7189591534895,White,Female,TRUE
0360,97.71994982683778,75.67817935890525,White,Female,TRUE
0361,82.18152705078492,89.57762784633175,Black,Male,TRUE
0362,85.52987330279403,67.81677388604871,White,Female,TRUE
0363,86.38425535722331,67.52736508878495,White,Male,TRUE
0364,66.93219276785715,57.258968489482015,White,Male,FALSE
0365,75.29642994655555,76.51030297920825,Black,Male,TRUE
0366,92.64814945094369,88.90349394837932,White,Male,TRUE
0367,70.84894821841142,66.65252590371868,White,Male,FALSE
0368,79.50387874474968,79.39228453917885,White,Female,TRUE
0369,74.87043719143777,67.14001288586314,Black,Female,FALSE
0370,64.63044211083968,48.87073494979566,Black,Female,FALSE
0371,75.81041955943026,78.3311733053583,White,Female,TRUE
0372,38.781863879801904,44.779915746832934,Hispanic,Female,FALSE
0373,75.78210612849894,72.01359550153883,White,Female,TRUE
0374,92.78378256332296,77.49584149377566,White,Male,TRUE
0375,92.53643267383255,87.86683368222,Black,Female,TRUE
0376,96.823398553417,88.96255009659541,White,Male,TRUE
0377,88.70213321258122,82.5132997298842,Hispanic,Female,TRUE
0378,87.99810820912019,75.52020380742997,White,Female,TRUE
0379,86.42532013608381,78.94346227678874,White,Male,TRUE
0380,63.0090482866089,64.17171520194061,Hispanic,Female,FALSE
0381,92.93865487095712,82.14620995095514,Hispanic,Female,TRUE
0382,77.38785645392656,70.50310898842773,White,Male,TRUE
0383,68.47834530715443,61.950254079432824,White,Female,FALSE
0384,79.9888980067962,81.27450771384278,White,Male,TRUE
0385,74.76631602580183,69.02763927609877,White,Female,FALSE
0386,90.06986658492595,81.7135817320926,White,Male,TRUE
0387,93.04496296008267,78.75425951542421,Black,Male,TRUE
0388,72.96690314229551,53.193345401833525,White,Female,FALSE
0389,83.90719231686487,85.84568195890085,Black,Female,TRUE
0390,71.8329219825253,66.64122226583686,White,Female,FALSE
0391,71.08224434257345,72.6015969913268,Hispanic,Female,FALSE
0392,45.41478875661703,46.837709178592135,Asian,Female,FALSE
0393,83.89084690116987,70.9475521091534,White,Male,TRUE
0394,62.11968849466432,54.02217261397293,Hispanic,Male,FALSE
0395,86.94024272528705,67.79734317871102,Black,Female,TRUE
0396,94.3755115730053,77.35881275160912,White,Male,TRUE
0397,92.36430801526059,85.48565766763878,White,Female,TRUE
0398,80.17007239512648,62.41094674627716,White,Male,TRUE
0399,75.97291160165165,69.36436894578145,Hispanic,Female,TRUE
0400,88.62690700332233,74.5320764703117,White,Male,TRUE
0401,73.67381965846026,68.32888752520427,White,Male,FALSE
0402,63.68507162129671,58.73971177187878,White,Male,FALSE
0403,93.10296698769208,89.82124795138323,Hispanic,Female,TRUE
0404,96.92258535368597,84.02374221512906,White,Male,TRUE
0405,92.90547272029343,69.52626655634303,White,Female,TRUE
0406,89.50231037764715,83.15416080097128,Bi-Racial,Male,TRUE
0407,82.29711310371913,75.63570518353836,White,Male,TRUE
0408,58.931316907774175,47.86130575875338,Hispanic,Male,FALSE
0409,72.85867704980305,71.59479731398625,White,Male,FALSE
0410,85.93172242890559,87.0380577700333,White,Female,TRUE
0411,78.44364967262159,80.74917548639758,White,Female,TRUE
0412,85.15251483761226,75.15268296848296,Asian,Male,TRUE
0413,54.35652515557362,51.544313032534106,Hispanic,Male,FALSE
0414,53.28665903870292,40.804591966817306,Hispanic,Male,FALSE
0415,92.07353421431799,89.37673861106957,White,Male,TRUE
0416,88.02267381837929,82.2837400803138,Bi-Racial,Male,TRUE
0417,95.67346080104757,73.49635166684605,White,Female,TRUE
0418,69.90910991884466,64.62256988485319,White,Male,FALSE
0419,73.6146609851791,63.73036241508676,White,Male,FALSE
0420,89.02537008257174,80.55125535723522,Hispanic,Male,TRUE
0421,64.25398360591771,56.825807389094585,White,Female,FALSE
0422,94.0692019443178,78.67068827059855,White,Male,TRUE
0423,91.6172418032969,74.95758820654129,White,Female,TRUE
0424,78.49166797460241,68.48153797803317,White,Male,TRUE
0425,68.06202924105158,52.81979634712505,White,Male,FALSE
0426,62.904771577506246,62.95861983368047,Hispanic,Male,FALSE
0427,56.38689508576965,53.44020573273988,White,Male,FALSE
0428,92.55119335842161,92.89949622269783,White,Female,TRUE
0429,63.4035861431733,54.9902666236581,Hispanic,Female,FALSE
0430,79.553375599755,81.78007123390938,Black,Female,TRUE
0431,81.59579665486015,86.35584965195326,White,Female,TRUE
0432,94.72281118485091,91.70121078966397,Black,Male,TRUE
0433,68.37649274728224,54.64519781225615,White,Male,FALSE
0434,71.24734805557296,58.12044884393811,White,Female,FALSE
0435,78.07146741783428,68.3132239559599,Hispanic,Female,TRUE
0436,91.11704204061756,84.4818665626336,Asian,Male,TRUE
0437,89.00584244262879,78.05586510827692,White,Male,TRUE
0438,77.98843002418624,70.64217767586373,Other,Female,TRUE
0439,54.93484517930756,53.12607529283362,White,Male,FALSE
0440,83.31210102896247,84.26543605812665,Hispanic,Female,TRUE
0441,89.34038010234076,69.91687335757223,White,Female,TRUE
0442,68.32420120816262,51.57733063855565,White,Female,FALSE
0443,69.74958696781735,61.30879091386165,White,Female,FALSE
0444,47.15950724853117,49.5641318640272,White,Female,FALSE
0445,42.41009993939926,48.51433994546733,Hispanic,Male,FALSE
0446,80.08245057215211,77.03851342017845,Hispanic,Male,TRUE
0447,77.75577961562585,74.27784549138852,White,Female,TRUE
0448,87.23135329599731,78.52785019685287,White,Male,TRUE
0449,89.10197578603156,77.66742319427811,White,Female,TRUE
0450,83.0707561946614,83.20427559761654,White,Male,TRUE
0451,73.72856883935526,72.79487352344152,Hispanic,Female,FALSE
0452,78.23314074439705,76.82287471571965,Hispanic,Female,TRUE
0453,74.22768221982807,56.3428197914377,White,Male,FALSE
0454,74.26371825216205,68.96241162739142,White,Male,FALSE
0455,63.286408484487175,56.52477792518002,Hispanic,Female,FALSE
0456,82.02828064844937,77.28446988097441,Hispanic,Male,TRUE
0457,37.2400150933999,54.12204992919564,White,Female,FALSE
0458,69.5321464776778,65.98594826590279,Hispanic,Female,FALSE
0459,92.2977175704173,72.89631960956845,White,Female,TRUE
0460,82.07825720657772,83.93356937884873,White,Female,TRUE
0461,67.85306320093338,64.32956296805347,White,Female,FALSE
0462,83.94271717621957,82.33303446070715,Black,Female,TRUE
0463,71.43878939111832,50.06239563270999,White,Male,FALSE
0464,47.32921854952958,50.126020782210546,White,Female,FALSE
0465,86.94600176844037,73.89716261294024,White,Male,TRUE
0466,78.0591024795739,67.53770523640559,White,Male,TRUE
0467,85.94456450206593,80.82345571158262,White,Female,TRUE
0468,91.73931367459846,88.60645893586741,Black,Male,TRUE
0469,96.50323062291875,81.8991700692465,White,Male,TRUE
0470,74.32719715762045,64.85965823084994,White,Male,FALSE
0471,65.93710512538307,45.32840812099522,Black,Female,FALSE
0472,65.0711336088368,61.375852310573194,White,Female,FALSE
0473,93.80086701120563,84.24854385879487,Hispanic,Male,TRUE
0474,91.76119486005129,75.17877494210933,White,Male,TRUE
0475,91.85938890378502,85.75086686547755,Hispanic,Female,TRUE
0476,87.3713817417803,78.82567220588939,Black,Female,TRUE
0477,74.79469984754722,58.32008390079268,White,Female,FALSE
0478,66.09850182497773,61.07395355241201,White,Female,FALSE
0479,57.21664566951673,61.820492051093524,White,Female,FALSE
0480,65.62286667518293,55.288999367186946,Asian,Female,FALSE
0481,87.5096899687803,80.87736217799653,White,Male,TRUE
0482,91.27064380840699,92.60035371391416,White,Male,TRUE
0483,82.4121378550506,74.041098805686,White,Female,TRUE
0484,75.91446424093161,71.91340718094709,White,Female,TRUE
0485,63.07894477971981,60.42097700567277,White,Male,FALSE
0486,89.10906685193221,80.89772683103516,White,Female,TRUE
0487,72.51367334608577,65.35103261625528,White,Male,FALSE
0488,46.4149201244732,43.65298877870329,White,Female,FALSE
0489,89.64179539192696,89.93098514674104,White,Female,TRUE
0490,81.29080972552428,82.33850086534295,White,Male,TRUE
0491,96.12151535312677,86.40959058865867,White,Female,TRUE
0492,72.57807328873464,48.64007492021174,White,Male,FALSE
0493,86.82345404453426,79.60503623272916,White,Female,TRUE
0494,89.87572145296329,87.0421130132819,White,Female,TRUE
0495,88.38240528954246,65.68611649397084,White,Female,TRUE
0496,69.38851603724376,61.45675885371125,Black,Male,FALSE
0497,97.77055463078564,79.33015124271643,Hispanic,Male,TRUE
0498,84.13501428796482,67.38187471223594,White,Female,TRUE
0499,90.72475509071161,77.02770417775542,White,Female,TRUE
0500,90.23725190762595,68.78650956519324,Hispanic,Male,TRUE
0501,68.7470309607422,65.03389193756068,White,Male,FALSE
0502,71.30279909570439,71.85845126242737,White,Male,FALSE
0503,79.518642853166,81.58187148376193,White,Female,TRUE
0504,67.37683982729537,62.98738235228364,White,Male,FALSE
0505,86.36075233728239,76.31512092793167,White,Female,TRUE
0506,97.26037130549028,87.14533524093481,White,Female,TRUE
0507,81.40815790794218,70.8776910910646,Black,Female,TRUE
0508,83.32075176486453,73.2368667548642,White,Male,TRUE
0509,75.02637562342198,66.84567334639914,Black,Male,TRUE
0510,69.77583197116235,46.88856832455347,Black,Male,FALSE
0511,57.92064397162393,63.323593187564754,White,Male,FALSE
0512,76.99577918593053,65.20731838078157,Bi-Racial,Female,TRUE
0513,85.15571180486064,79.59432519581853,White,Female,TRUE
0514,82.41864895378117,81.94845331002564,Hispanic,Male,TRUE
0515,60.6146335057513,66.32274198451205,White,Female,FALSE
0516,89.11304477720134,85.59004972381315,White,Male,TRUE
0517,90.15527696350503,82.34410795472445,Black,Male,TRUE
0518,72.06665560700232,72.70472083034744,White,Female,FALSE
0519,65.68742979279017,60.550540113126765,White,Female,FALSE
0520,61.571964261446425,51.59240743910645,Black,Female,FALSE
0521,77.57749563693615,82.47865094963122,White,Female,TRUE
0522,80.66813094083723,75.3719179574904,White,Female,TRUE
0523,53.019730523501075,60.452140784316285,White,Male,FALSE
0524,91.91249691181915,81.35787003819004,White,Female,TRUE
0525,55.658697462961015,45.223668836590136,Black,Male,FALSE
0526,86.71640917169545,86.32110350000404,White,Female,TRUE
0527,75.48143506206355,64.72003739588175,White,Female,TRUE
0528,68.61186207361088,65.93438395066077,White,Female,FALSE
0529,75.46676397844921,77.63404457683444,White,Female,TRUE
0530,85.18250460560348,68.82718686106624,Hispanic,Female,TRUE
0531,74.7470798544833,68.20537508608052,White,Male,FALSE
0532,88.97370818978176,86.19737553341062,Asian,Female,TRUE
0533,86.99516996696974,64.61044639334989,Black,Male,TRUE
0534,54.39816541204736,53.93078344153044,Asian,Female,FALSE
0535,71.41692310304035,44.057391733295944,Black,Female,FALSE
0536,89.60023230019594,80.33240526522087,White,Female,TRUE
0537,77.67271386449846,79.6447630651255,Black,Male,TRUE
0538,66.04871641888388,62.910321738544575,Hispanic,Male,FALSE
0539,89.44487886614401,67.45577022473475,White,Female,TRUE
0540,83.52353839312802,72.30984788720889,White,Female,TRUE
0541,56.08077485017493,47.695715818988226,White,Male,FALSE
0542,84.57609312809134,77.38729165887376,White,Female,TRUE
0543,95.5157009592658,81.30192362176643,White,Female,TRUE
0544,69.82037936544924,63.531088459562696,White,Male,FALSE
0545,94.00557203563352,72.19317736466463,Hispanic,Male,TRUE
0546,94.31576957842267,84.61834113753545,Hispanic,Male,TRUE
0547,76.57627960866196,68.42981179617028,White,Male,TRUE
0548,76.81398285673279,60.46965634838633,White,Male,TRUE
0549,78.32055491363336,74.52531856151339,White,Female,TRUE
0550,72.4302922984343,72.1901625435297,Bi-Racial,Male,FALSE
0551,87.19322480072488,83.05358552177796,White,Female,TRUE
0552,75.71017240344797,67.94015722448624,White,Male,TRUE
0553,85.28343528125045,67.2031559238411,White,Male,TRUE
0554,78.89735708286992,72.78645500226989,Hispanic,Female,TRUE
0555,91.91769262160382,73.85786929849297,White,Male,TRUE
0556,79.64829169404115,66.77963489090756,Black,Male,TRUE
0557,76.00604927265117,64.17981013833771,Black,Male,TRUE
0558,87.51954647972214,72.4814593705063,Asian,Female,TRUE
0559,77.07982593784814,75.00559289070156,White,Female,TRUE
0560,86.91192340720637,69.66399136214893,Hispanic,Male,TRUE
0561,86.85638282061419,82.15893238030836,Hispanic,Female,TRUE
0562,81.01766352985645,72.68766071739687,White,Male,TRUE
0563,68.39798146643332,62.9656678852566,White,Female,FALSE
0564,81.03111560532042,71.59934760030569,Black,Female,TRUE
0565,74.41696370406125,58.093428031083235,Black,Female,FALSE
0566,56.78362514001194,54.20760494373722,Hispanic,Female,FALSE
0567,82.20193771557082,75.88700494098858,White,Male,TRUE
0568,79.46485719614267,71.19269812165311,Hispanic,Female,TRUE
0569,67.95429025601504,66.72854079933349,White,Female,FALSE
0570,92.8164763390786,72.65301534751576,Hispanic,Female,TRUE
0571,67.23701222063201,56.4560477838581,White,Female,FALSE
0572,85.5409723355642,73.24463506790352,White,Female,TRUE
0573,91.83287164703445,82.21667388969084,Hispanic,Female,TRUE
0574,96.10377915437984,94.48338286181433,Hispanic,Male,TRUE
0575,87.66838304763483,72.54923756621253,White,Male,TRUE
0576,92.104453000958,83.02908276157702,White,Male,TRUE
0577,92.17311525176636,75.95282263858269,White,Female,TRUE
0578,92.44958664803161,89.11810401870453,White,Male,TRUE
0579,67.20548697744918,46.78606466304368,Black,Female,FALSE
0580,89.4755884010537,82.49865860741156,White,Female,TRUE
0581,86.46973024920392,78.68766259897595,Hispanic,Female,TRUE
0582,83.93128335685283,80.89111961122151,White,Male,TRUE
0583,74.42218854174588,65.90187310102674,White,Female,FALSE
0584,83.08990897851143,84.40668172202444,Hispanic,Male,TRUE
0585,60.51524947274971,54.2583891032956,White,Female,FALSE
0586,82.30811932450767,72.28033435280821,White,Male,TRUE
0587,97.7802724321635,85.31903253344214,Hispanic,Male,TRUE
0588,79.34744759550141,77.68759034995583,White,Female,TRUE
0589,96.51736893315484,79.89634772490149,White,Male,TRUE
0590,57.64197526529296,59.0223344853804,White,Female,FALSE
0591,88.03118961636082,83.3391966434198,Black,Female,TRUE
0592,91.6365638325977,88.79192030527884,White,Male,TRUE
0593,86.23345890528753,73.21752131827553,Black,Male,TRUE
0594,66.30854737767203,63.00934921591032,White,Female,FALSE
0595,73.22750504713967,52.928703414724126,White,Male,FALSE
0596,90.33418809940218,81.44144467459613,Black,Male,TRUE
0597,77.91997672708321,73.94110423949505,White,Female,TRUE
0598,66.66054513909162,63.509046226993476,White,Male,FALSE
0599,41.30306546903029,43.38947229681982,White,Male,FALSE
0600,75.54024771323891,72.71318888325138,Asian,Male,TRUE
0601,87.51321684185616,90.04777252283152,White,Female,TRUE
0602,82.45835498664505,71.24480514334388,White,Female,TRUE
0603,61.00070832329876,68.41171878022327,White,Female,FALSE
0604,57.82231644792195,56.76409491307402,Hispanic,Male,FALSE
0605,69.16822664576605,70.09816191602576,White,Female,FALSE
0606,81.08577746735584,73.1699932356578,Black,Female,TRUE
0607,92.6046051434278,67.51537166165501,White,Male,TRUE
0608,83.25920102751083,72.42016435695356,White,Female,TRUE
0609,85.69292081407497,66.64664129505289,White,Male,TRUE
0610,71.77871223237197,67.66378885621934,White,Male,FALSE
0611,64.09349697324882,51.788999222050954,White,Female,FALSE
0612,92.05155857251731,79.56823774239993,Black,Female,TRUE
0613,84.44147292100537,76.31422986937253,White,Male,TRUE
0614,75.34268558142028,63.22585046737556,White,Male,TRUE
0615,83.43781510726392,79.73242248726586,Hispanic,Female,TRUE
0616,92.40318537593487,83.90146205591773,Black,Female,TRUE
0617,99.02287910524976,88.57914719444521,Hispanic,Male,TRUE
0618,78.19506230664909,83.09203902839224,Hispanic,Male,TRUE
0619,78.34793085378331,73.59661244587845,Asian,Male,TRUE
0620,37.02469833543228,43.81572009021992,Hispanic,Female,FALSE
0621,97.14855763545664,77.52507147073008,Black,Female,TRUE
0622,87.067454281798,80.17514396697983,White,Male,TRUE
0623,59.154293455712924,61.030162561792196,White,Male,FALSE
0624,71.49112679833415,61.73557717782394,White,Female,FALSE
0625,75.67150102744813,69.152839368209,White,Female,TRUE
0626,86.58292059142171,76.08346063977316,White,Female,TRUE
0627,74.22642510663484,53.030078333962415,Asian,Female,FALSE
0628,81.48501593344808,60.018200395188316,Hispanic,Female,TRUE
0629,75.81578908558977,57.879306790161266,White,Female,TRUE
0630,86.06923850372664,81.25280520151301,Hispanic,Male,TRUE
0631,46.33775314614348,48.78312891383821,White,Female,FALSE
0632,83.34924898801482,79.40449523781712,White,Male,TRUE
0633,82.47382135227616,77.77424127745505,Native,Male,TRUE
0634,83.1169369684565,72.86915547592065,White,Male,TRUE
0635,82.40829019030582,79.76491920425832,White,Male,TRUE
0636,76.09969405631385,80.99999926529594,White,Female,TRUE
0637,70.70508171676877,62.17274516144841,White,Male,FALSE
0638,64.15504001412921,44.37457561197439,White,Male,FALSE
0639,81.94870213437045,59.740769113061745,White,Male,TRUE
0640,89.90086106391712,82.96767531407036,White,Male,TRUE
0641,94.05671911847588,75.0372400487999,White,Male,TRUE
0642,77.06147141031909,74.52604357865174,White,Female,TRUE
0643,76.88204509453416,74.3784464451825,White,Female,TRUE
0644,75.88572489387788,77.8356320132175,White,Female,TRUE
0645,79.3912217319255,84.81704275981147,White,Female,TRUE
0646,75.9925993990912,66.23800703978017,White,Male,TRUE
0647,76.16822655465685,84.16379801697181,White,Female,TRUE
0648,88.08065764290421,81.65592546151856,White,Female,TRUE
0649,70.42304210186703,46.5641524521483,White,Male,FALSE
0650,91.4290795909689,79.87332109707268,Black,Male,TRUE
0651,94.2728464241006,80.60233907975507,Black,Female,TRUE
0652,79.76551591856229,67.69060625238083,Asian,Male,TRUE
0653,91.51177903495072,72.27732305603975,Bi-Racial,Female,TRUE
0654,66.40601423410523,52.987482600396106,White,Female,FALSE
0655,80.1426754161913,71.68864020594722,White,Female,TRUE
0656,88.23485714448735,66.18630764491441,White,Male,TRUE
0657,79.56474428595862,59.76545715483769,White,Female,TRUE
0658,43.77919278328947,45.06322152310482,Hispanic,Male,FALSE
0659,79.61959623097424,76.40042359153367,White,Male,TRUE
0660,82.82503410634784,76.31750486494005,White,Female,TRUE
0661,70.86286980317271,57.600436483592006,White,Male,FALSE
0662,55.16054176990186,57.49556827552356,Hispanic,Male,FALSE
0663,90.92057170846898,75.11641933969511,White,Male,TRUE
0664,80.70110539514442,83.99398179788302,White,Male,TRUE
0665,53.83698940058201,32.839875619975395,White,Female,FALSE
0666,71.50651180118194,59.37870333833954,White,Female,FALSE
0667,80.76035375288366,75.83755600419909,White,Female,TRUE
0668,93.16122124663553,77.06426521323368,White,Female,TRUE
0669,82.10715677553078,79.12255903780695,White,Female,TRUE
0670,80.72116366450598,76.47038849521951,Black,Male,TRUE
0671,79.11706655790219,74.37529664776501,White,Female,TRUE
0672,37.9497939961858,34.26779851222551,White,Female,FALSE
0673,84.6127070825466,71.47127073668014,Hispanic,Male,TRUE
0674,95.02751525645823,81.07381881302304,White,Female,TRUE
0675,68.2768825702926,60.44004843840784,White,Female,FALSE
0676,79.59648496423117,76.58565573114424,White,Male,TRUE
0677,81.01627880603158,84.50400412073151,Hispanic,Male,TRUE
0678,65.15450142145724,52.34087859410405,Hispanic,Female,FALSE
0679,99.38115886457494,81.03546929436459,White,Male,TRUE
0680,85.77243608351243,85.12458408320765,White,Female,TRUE
0681,80.243053461807,76.55613141499539,White,Female,TRUE
0682,65.85198411206085,46.713376900622585,White,Male,FALSE
0683,81.85206786360712,64.8350751774129,Hispanic,Male,TRUE
0684,90.64483550231063,88.58804725685795,Hispanic,Male,TRUE
0685,70.88110311204936,53.674119495941476,White,Female,FALSE
0686,77.45051804551497,72.72129444581613,White,Female,TRUE
0687,75.87146937771561,69.77875525207624,White,Female,TRUE
0688,51.612632292936546,56.986784517339956,White,Female,FALSE
0689,85.63111782805302,79.39848740895587,White,Male,TRUE
0690,92.74598449698235,93.47400724469765,Hispanic,Female,TRUE
0691,92.98642910079485,86.8157638126557,White,Male,TRUE
0692,90.81932667906253,82.72839959963648,White,Male,TRUE
0693,93.78422674392984,70.53092906778151,Hispanic,Female,TRUE
0694,78.59096228630219,81.62112069378232,White,Female,TRUE
0695,79.39973997284922,72.26900512457127,Black,Male,TRUE
0696,61.7570139591186,55.168987237133734,White,Male,FALSE
0697,91.52637725953737,89.80386121071385,White,Male,TRUE
0698,81.27421384247367,73.36524326609235,White,Male,TRUE
0699,66.73997459106566,44.48659558541126,White,Female,FALSE
0700,83.18152534124728,68.5736359425538,White,Female,TRUE
0701,61.557952169171614,46.004477331317794,Asian,Female,FALSE
0702,63.77882058684074,58.52170010435108,Black,Male,FALSE
0703,86.7241811175809,70.18245923742013,Black,Male,TRUE
0704,88.29582944326454,87.59245038426974,Hispanic,Male,TRUE
0705,80.83896339578143,76.7605925417451,White,Female,TRUE
0706,77.66676498797595,72.97603906222093,White,Female,TRUE
0707,78.67764737275145,70.08650562748568,White,Female,TRUE
0708,85.95084718201733,71.92831268049189,Hispanic,Female,TRUE
0709,89.8957647462367,83.36791457110522,White,Female,TRUE
0710,91.81311985356115,84.4790534102717,White,Male,TRUE
0711,58.27051739824596,56.76429923436797,White,Female,FALSE
0712,90.46551522757572,84.36231314845705,White,Male,TRUE
0713,44.23686981606467,48.080032858097,White,Female,FALSE
0714,80.01570893422945,67.55919312284317,White,Female,TRUE
0715,85.59515614721305,74.00525852844878,White,Male,TRUE
0716,91.31725917464696,83.93313158018773,Hispanic,Male,TRUE
0717,78.08698182591553,79.05726289701565,White,Male,TRUE
0718,81.43653418971351,76.52544199308853,Asian,Male,TRUE
0719,75.04866424990104,74.1140834100928,Black,Male,TRUE
0720,86.38354762991543,67.60625044641773,Hispanic,Male,TRUE
0721,65.30585001530056,70.4294640681797,Bi-Racial,Male,FALSE
0722,63.29675376257913,63.45922563254054,White,Female,FALSE
0723,53.88951187245116,46.78532857942014,Black,Male,FALSE
0724,74.28329447316874,56.61817287828373,White,Male,FALSE
0725,86.0402833033134,82.75678322699497,Black,Male,TRUE
0726,79.04559514053712,76.11805702203563,Hispanic,Male,TRUE
0727,95.33678562723095,66.90302837285964,Black,Female,TRUE
0728,75.52521729645001,80.32550589248072,White,Female,TRUE
0729,84.1371635774455,74.5112035534608,Black,Male,TRUE
0730,70.19394176762871,51.076364180200784,Asian,Female,FALSE
0731,81.96514645719417,79.86686375119396,Native,Male,TRUE
0732,93.73670132436177,89.55663345639398,White,Female,TRUE
0733,77.15927006660117,70.34040432557845,White,Female,TRUE
0734,93.53627893213108,78.33379538641624,White,Female,TRUE
0735,58.71377112634679,57.530467563073884,White,Female,FALSE
0736,96.40934747892983,89.41543746041575,White,Female,TRUE
0737,80.06417689986743,83.93130807747757,Native,Female,TRUE
0738,69.10276433169122,63.906585494259275,White,Female,FALSE
0739,94.67506770876624,93.78584214108827,White,Female,TRUE
0740,89.48113931296433,76.665636262872,White,Male,TRUE
0741,85.18160003350772,84.97976466060149,White,Male,TRUE
0742,74.92033688042893,65.27594132167866,Hispanic,Female,FALSE
0743,82.93473702894543,82.15282983791141,White,Male,TRUE
0744,90.92977996681763,77.92266797784728,Black,Female,TRUE
0745,70.12496096024161,59.00147392891221,Hispanic,Female,FALSE
0746,85.40686568711769,86.07741503183176,White,Female,TRUE
0747,68.05802416800421,56.97193085927066,White,Male,FALSE
0748,85.1612500499786,82.47203712951507,White,Female,TRUE
0749,90.19040227117091,74.83008807401512,White,Female,TRUE
0750,79.32228775570405,69.6666107778776,White,Male,TRUE
0751,64.83159801960713,57.680753657369294,White,Female,FALSE
0752,73.44704547460765,67.37603172074395,Asian,Male,FALSE
0753,78.74889347155673,77.8684011906666,Black,Female,TRUE
0754,96.94919891853017,90.52509579719138,White,Female,TRUE
0755,78.43927111278308,67.16909824469822,White,Female,TRUE
0756,89.26435590591265,79.23893184912049,White,Female,TRUE
0757,80.97645555446881,72.76462864938932,Black,Male,TRUE
0758,73.08472862313975,63.13957988767656,Hispanic,Male,FALSE
0759,94.66696680786451,80.58802570503849,White,Male,TRUE
0760,63.22114973010977,54.51035477170547,Black,Male,FALSE
0761,73.36104955541056,50.031521315223046,Black,Female,FALSE
0762,56.35293446699535,51.19117431779067,White,Female,FALSE
0763,85.57799872939951,86.89499359257886,Hispanic,Female,TRUE
0764,84.97759905549462,85.58162791055358,White,Female,TRUE
0765,90.5546611916078,87.09042122486834,Hispanic,Female,TRUE
0766,83.27430201587438,77.40745833089792,White,Female,TRUE
0767,57.46847853529333,54.589393280020595,Hispanic,Female,FALSE
0768,57.89047027698388,43.60999178015251,White,Male,FALSE
0769,96.41214095723915,93.68840573227166,White,Male,TRUE
0770,60.6408414006595,62.56836894359739,Asian,Male,FALSE
0771,54.9854489606162,63.35034943000474,White,Male,FALSE
0772,65.57377180992731,53.567331961806616,White,Male,FALSE
0773,89.17137118382877,82.90687987781934,White,Male,TRUE
0774,54.20572811478508,57.949756864531565,Hispanic,Female,FALSE
0775,62.92694272658298,63.4071529030155,White,Female,FALSE
0776,64.52194567461724,54.86668768907941,White,Male,FALSE
0777,83.54339203255475,72.16889519679098,White,Male,TRUE
0778,60.03147109171465,63.57101558662707,Hispanic,Male,FALSE
0779,75.85258241727153,64.13080977981605,Hispanic,Male,TRUE
0780,78.89184900089882,70.62569004971482,White,Male,TRUE
0781,41.78812956819854,44.02218580533757,Hispanic,Male,FALSE
0782,62.25035953746303,54.00255450988374,White,Female,FALSE
0783,84.14867694555296,73.54562448112857,White,Female,TRUE
0784,94.466318198199,73.91288638741594,Black,Male,TRUE
0785,66.22782087636614,62.01841793819447,Hispanic,Female,FALSE
0786,84.360323942319,76.8208791942948,Hispanic,Male,TRUE
0787,58.60168769415372,61.80032742020738,Hispanic,Female,FALSE
0788,68.89278371597788,57.06769577587234,White,Male,FALSE
0789,77.4066022280588,83.13153628476326,Asian,Male,TRUE
0790,79.17036290518867,72.88362081650874,Hispanic,Female,TRUE
0791,83.26831713176952,68.29798126112925,White,Male,TRUE
0792,74.25322216183835,75.13493927992474,Asian,Female,FALSE
0793,91.57579726090947,85.07357106517058,Hispanic,Female,TRUE
0794,64.2831439931888,62.69226302703772,White,Male,FALSE
0795,83.71534744013556,86.21263778098832,White,Female,TRUE
0796,87.99029799376792,75.25132926605556,Black,Male,TRUE
0797,82.78070606160367,81.60675819515909,White,Male,TRUE
0798,96.05223020473537,70.01513113867088,White,Male,TRUE
0799,83.09732294513769,67.22927448979807,White,Male,TRUE
0800,75.94136828782734,66.2246056946413,White,Female,TRUE
0801,85.57449603405671,74.87679199139669,White,Female,TRUE
0802,83.94557268196124,73.87726351214597,White,Male,TRUE
0803,70.68133374241275,55.12293229476012,White,Male,FALSE
0804,73.82226141337073,59.489450555299044,Black,Male,FALSE
0805,87.20089148733423,85.92452113126944,White,Female,TRUE
0806,66.70993940237977,59.94957455067329,Hispanic,Female,FALSE
0807,74.62404955603968,55.70662260101291,White,Male,FALSE
0808,63.962243265000055,65.5577648431096,White,Male,FALSE
0809,93.34466701637056,80.95365343093101,White,Female,TRUE
0810,80.84127322752472,75.16623810965083,Black,Female,TRUE
0811,85.46700198154575,81.51452640023228,White,Female,TRUE
0812,90.90170031797547,70.36841684990574,White,Female,TRUE
0813,61.89282159597759,59.40404483603278,Hispanic,Female,FALSE
0814,68.94559036588046,61.23123687564431,White,Female,FALSE
0815,92.55868727406119,74.0276607315756,Black,Female,TRUE
0816,93.79345576073224,87.77887751400503,White,Female,TRUE
0817,95.90066266705165,84.69575736308866,White,Male,TRUE
0818,76.02185824299205,73.54641991101343,Hispanic,Male,TRUE
0819,91.86045348305709,73.33107646929717,Black,Female,TRUE
0820,83.4835864526809,63.21929936497577,Hispanic,Male,TRUE
0821,83.0962329743068,61.69076357172265,White,Female,TRUE
0822,71.88033154883122,62.67321906189567,Black,Female,FALSE
0823,91.71525392279344,72.9210215357869,Hispanic,Male,TRUE
0824,79.3409994603287,80.85985911578047,Hispanic,Female,TRUE
0825,88.02034946472955,82.97446759586224,Hispanic,Male,TRUE
0826,74.0426804331749,69.59384998403581,White,Male,FALSE
0827,89.10520995985493,74.65546362238106,White,Female,TRUE
0828,77.28529308073682,67.48793929889541,Hispanic,Male,TRUE
0829,65.89547389161018,56.21193362079714,Hispanic,Female,FALSE
0830,90.54924452242888,85.74837378696415,Hispanic,Female,TRUE
0831,81.12074247339955,73.16946029025328,Hispanic,Female,TRUE
0832,71.45834582670142,68.90382291596788,White,Male,FALSE
0833,79.23856737173921,85.54392992089183,Black,Male,TRUE
0834,97.01350038356894,87.22716385343463,White,Male,TRUE
0835,62.277295296668186,59.21943367918874,Hispanic,Male,FALSE
0836,77.5354542138336,80.43278541751343,Hispanic,Female,TRUE
0837,79.38860783094698,86.60275332043665,White,Male,TRUE
0838,69.89667334468761,63.11844535457096,White,Female,FALSE
0839,81.22570943264115,71.22421369816995,White,Female,TRUE
0840,90.496626185145,73.6242605952454,Hispanic,Female,TRUE
0841,87.00143590960444,64.48583637307729,White,Male,TRUE
0842,76.83183474277543,73.08813361379654,White,Male,TRUE
0843,74.46359129987742,58.530385120574806,Black,Male,FALSE
0844,90.40516799134207,81.40832241490912,White,Female,TRUE
0845,84.30673103479792,88.78578348610043,White,Female,TRUE
0846,88.91012885663334,59.0675785387107,White,Male,TRUE
0847,92.73042621727181,76.0960079431848,White,Male,TRUE
0848,87.20151881100978,68.94591464110596,White,Female,TRUE
0849,75.22415801801988,63.63930762106665,Hispanic,Male,TRUE
0850,72.66183570243852,54.048474432163616,White,Male,FALSE
0851,66.21681425214734,50.074902271187085,Black,Female,FALSE
0852,73.94763501959591,52.83774591872502,White,Male,FALSE
0853,75.0712283700614,77.53399681059705,Bi-Racial,Male,TRUE
0854,57.21656138651328,55.647409008276355,White,Male,FALSE
0855,80.43344464818264,74.28732979315149,Hispanic,Female,TRUE
0856,73.20476029689713,67.67768570208925,Asian,Female,FALSE
0857,89.60309445842476,88.63461695624821,White,Male,TRUE
0858,96.32599096346632,82.03563065695008,White,Female,TRUE
0859,81.19507238637775,81.28200958305615,White,Male,TRUE
0860,67.10295576864202,57.84792193699019,Hispanic,Female,FALSE
0861,68.57289240265608,57.94284214217816,White,Male,FALSE
0862,62.16131895027039,56.45661497856871,Hispanic,Female,FALSE
0863,84.40042031082025,71.16212499820979,Bi-Racial,Male,TRUE
0864,92.3942226980607,87.50341652647755,White,Male,TRUE
0865,72.30327750284403,60.38599380845858,White,Male,FALSE
0866,94.79892828025659,75.65094546840827,Black,Female,TRUE
0867,65.15908216706788,58.87130506815131,White,Male,FALSE
0868,63.566047527861,61.94306593772701,White,Male,FALSE
0869,57.612567839775544,55.53478836567166,Hispanic,Female,FALSE
0870,81.31643565397998,61.959569600241196,White,Female,TRUE
0871,87.20160644604294,61.61010506180017,White,Male,TRUE
0872,69.36137649640442,46.514926414392896,Black,Male,FALSE
0873,39.397024532025036,54.88992521642929,Black,Male,FALSE
0874,92.35515932256847,92.51747066555865,White,Male,TRUE
0875,84.29588076697027,76.635026709269,White,Female,TRUE
0876,75.22857219545705,73.97701542551354,White,Male,TRUE
0877,76.65271864420909,82.95585646499103,White,Female,TRUE
0878,84.39227168580288,62.519793502236944,White,Female,TRUE
0879,98.3171648277149,82.04023076766592,Hispanic,Female,TRUE
0880,82.10318882953746,74.6939304447026,White,Male,TRUE
0881,92.2009418969331,82.04229965520267,White,Male,TRUE
0882,77.21825582047708,77.27142441768113,White,Male,TRUE
0883,88.9933977140603,88.67996819342778,White,Female,TRUE
0884,79.68549255639743,76.4093267812955,White,Male,TRUE
0885,87.96336347415722,86.24894255969566,Hispanic,Female,TRUE
0886,83.9065143600649,75.43348902122392,White,Female,TRUE
0887,83.49395430934494,70.82415020164032,White,Female,TRUE
0888,46.588384135594005,50.49753034780231,Hispanic,Male,FALSE
0889,63.242170620849436,43.60781748526886,Asian,Female,FALSE
0890,81.43171767472681,60.99709086996799,White,Male,TRUE
0891,92.56314842014531,70.52898699752183,White,Male,TRUE
0892,54.675236947386786,62.28274125540625,Black,Male,FALSE
0893,94.12438812543614,81.45623159921436,Hispanic,Male,TRUE
0894,92.20645142325168,79.84594144586569,White,Female,TRUE
0895,88.34172640763796,73.55125329958233,Hispanic,Male,TRUE
0896,90.33487276159688,89.75598088595271,White,Female,TRUE
0897,89.66490551983377,81.9203790496669,White,Female,TRUE
0898,47.811470449522005,46.05756918936059,White,Female,FALSE
0899,79.50548277920453,73.2639395297587,White,Male,TRUE
0900,87.67838053999081,67.22851347842352,Bi-Racial,Female,TRUE
0901,64.30844648518573,48.115007129133,White,Female,FALSE
0902,74.2880743057603,53.07244215186235,White,Female,FALSE
0903,92.51384771840343,68.72189816567916,White,Female,TRUE
0904,85.86222848789966,77.76945695459762,Black,Male,TRUE
0905,67.46051486560941,57.12440604767081,White,Female,FALSE
0906,60.23782085088898,62.02960863484804,Hispanic,Female,FALSE
0907,77.9958110342524,69.73213706161496,White,Male,TRUE
0908,95.88297282789404,81.41007986557719,White,Female,TRUE
0909,87.84536701797444,68.74459138251879,Black,Female,TRUE
0910,81.18158745578668,64.79222836054215,White,Male,TRUE
0911,68.41169542050814,67.85992305423729,White,Male,FALSE
0912,76.76743457582774,70.65100946957763,White,Male,TRUE
0913,76.78611899558703,76.92018927618943,White,Male,TRUE
0914,70.57262859387656,61.5604167097866,White,Male,FALSE
0915,82.13435751076267,77.34455599316308,White,Male,TRUE
0916,84.17481667778073,84.79286055604527,White,Female,TRUE
0917,76.14042071177454,65.04481305941178,Hispanic,Male,TRUE
0918,88.73799628227272,75.38378611795436,White,Female,TRUE
0919,82.2345136865308,87.20924181764875,Hispanic,Female,TRUE
0920,85.46101895537151,80.50780308707624,White,Male,TRUE
0921,89.35628537685535,81.27298008907385,Asian,Female,TRUE
0922,57.69274564674841,58.651003431247716,White,Female,FALSE
0923,92.96522588583113,82.83688127899899,White,Male,TRUE
0924,84.70078858110011,68.45628922344449,White,Female,TRUE
0925,72.08566925142433,56.1968957637588,Asian,Female,FALSE
0926,79.53920605206105,80.44505757622156,White,Female,TRUE
0927,73.28543315816593,63.26638179712777,Hispanic,Male,FALSE
0928,93.2618701083377,82.37834175385754,Hispanic,Male,TRUE
0929,84.19540997967671,79.93653788305879,White,Female,TRUE
0930,95.76610490995027,83.89864507780376,Bi-Racial,Female,TRUE
0931,89.03928289155438,81.7421947870362,Hispanic,Male,TRUE
0932,51.850086565872644,48.59175562586437,White,Male,FALSE
0933,73.24637398132501,57.10543940733217,White,Male,FALSE
0934,76.3167946905537,77.40618256521796,Hispanic,Male,TRUE
0935,89.96097723168883,78.04117172807287,White,Female,TRUE
0936,85.81133171396968,75.59132408961776,White,Male,TRUE
0937,90.74937472123031,77.15468519447248,White,Female,TRUE
0938,76.86869669971256,71.97241234732275,Black,Female,TRUE
0939,62.05589387929302,51.53521223086739,Bi-Racial,Female,FALSE
0940,72.34786614324985,66.32396521349777,White,Male,FALSE
0941,86.54563418713369,77.80800664054816,White,Male,TRUE
0942,67.03764717638288,64.94281646542613,Hispanic,Male,FALSE
0943,70.56734015514566,65.64002204533209,White,Female,FALSE
0944,60.09980842330888,67.65127015610122,Hispanic,Female,FALSE
0945,84.33443512792034,66.11352163211139,Hispanic,Male,TRUE
0946,92.18072825673883,85.11939334795916,White,Female,TRUE
0947,79.16174744823037,69.56311091796941,White,Female,TRUE
0948,72.27752448203805,63.22307822128991,Hispanic,Male,FALSE
0949,78.92237400212717,56.85890259247249,Hispanic,Male,TRUE
0950,69.75588935853871,57.93931421855903,White,Male,FALSE
0951,79.14085460757126,73.2654685636642,White,Female,TRUE
0952,81.43194291836464,74.73937834471305,White,Male,TRUE
0953,79.83892097753153,72.09617485682146,Hispanic,Female,TRUE
0954,78.13870504978186,75.91965830146826,White,Male,TRUE
0955,75.82302973278111,72.10124495472007,White,Female,TRUE
0956,85.91281714212539,71.95745596978243,Hispanic,Female,TRUE
0957,76.39707547677455,69.17877892665099,White,Male,TRUE
0958,87.45199883793411,89.14778632639297,White,Female,TRUE
0959,91.47029624686573,86.0874312322336,White,Female,TRUE
0960,61.079420157234956,47.49482497830385,White,Female,FALSE
0961,64.66304299351128,58.28398226998045,White,Female,FALSE
0962,85.94869527433954,77.4191035085914,Black,Male,TRUE
0963,48.23724731405702,44.83565207375587,White,Female,FALSE
0964,80.83888173226302,81.7739654329282,White,Female,TRUE
0965,82.17906156440735,76.61430976634443,Asian,Male,TRUE
0966,90.15587226700526,85.12233389355231,Black,Male,TRUE
0967,78.1827742574146,68.40309134612168,White,Female,TRUE
0968,79.98825251908227,72.2927791564448,White,Male,TRUE
0969,76.62670317788327,82.663488347428,Bi-Racial,Male,TRUE
0970,69.37446381510189,62.04892495830144,White,Male,FALSE
0971,58.4633404849085,58.61157564477133,White,Male,FALSE
0972,71.79036606130573,65.71503029131662,Hawaiian,Male,FALSE
0973,56.17678552974317,53.04376898934582,White,Female,FALSE
0974,54.18103151976348,63.27418011598594,White,Female,FALSE
0975,83.289001900514,72.74373077628438,Bi-Racial,Female,TRUE
0976,66.65377413103619,69.97620469624549,White,Male,FALSE
0977,91.6746295298993,87.27931467310444,White,Female,TRUE
0978,90.22313496854781,77.10693230738411,White,Male,TRUE
0979,72.84392717029516,64.99734798206595,White,Female,FALSE
0980,84.34488507995907,77.32249723759828,White,Male,TRUE
0981,95.91326009187932,71.89948721661108,Black,Male,TRUE
0982,58.48283515148487,42.69712513187573,White,Female,FALSE
0983,89.02582490768062,66.51889100445106,White,Male,TRUE
0984,70.59936908529674,63.976329967174365,Hispanic,Female,FALSE
0985,70.06072873861032,50.19569201577948,White,Female,FALSE
0986,40.7425228280398,45.0487279010862,Hispanic,Female,FALSE
0987,74.3079594151759,59.448114220720356,Hispanic,Male,FALSE
0988,64.45248281593287,51.496560283852645,White,Female,FALSE
0989,83.8802023306614,73.82506125207735,White,Female,TRUE
0990,95.49594181581281,79.6278622623235,Asian,Male,TRUE
0991,75.29099584644553,75.98401122583321,White,Male,TRUE
0992,93.9157258495272,81.10543204139519,Hispanic,Female,TRUE
0993,78.76829542716347,81.82042565344975,Hispanic,Female,TRUE
0994,76.06711004167367,68.8813025303433,Black,Female,TRUE
0995,83.10231384013913,73.13296038952944,White,Female,TRUE
0996,43.70483656873077,55.3423762436288,Hispanic,Female,FALSE
0997,39.22141623673966,43.59540178484435,White,Female,FALSE
0998,90.28790955607134,86.67197943719519,Hispanic,Female,TRUE
0999,62.19972174372075,59.30696070617623,Black,Female,FALSE
1000,83.47242758618252,71.06723300932634,White,Male,TRUE
