id,sex,age,pre_income,program,post_income
1,1,44.84779968314556,979.4074528647893,1,1386.4496720487543
2,0,22.752621240357335,663.5451100103547,1,1148.4142154030571
3,0,42.097262180658255,729.2560015000281,1,1341.1589229358556
4,0,33.90780007421936,744.3715654112511,1,1266.9956282044795
5,0,52.82607895388333,768.9918906247285,1,1455.0727722406327
6,0,32.565553203970246,762.3820664271666,0,1142.676458121385
7,1,19.728929777453892,845.8526008426863,1,1130.954174890086
8,1,39.91834371466622,673.8850850568872,1,1340.0324550496634
9,0,38.54503660926992,747.2534836793855,1,1297.313862111414
10,1,34.823736523696226,744.318577820146,0,1189.7400088918296
11,0,24.43449677882775,762.5561273783975,1,1160.754407670013
12,1,26.610853339217314,739.5600019018939,1,1210.9207521539188
13,1,34.87374283509574,920.3127070532661,1,1293.2614717479048
14,0,45.3811014600433,876.8873233405475,1,1381.1114622255072
15,1,31.355422860949396,823.8351023241362,1,1250.047368354492
16,0,26.285505278146054,658.4971858611315,0,1091.229936948192
17,1,7.957969745533017,1093.377438660602,0,916.3761386778917
18,1,39.942498365406465,893.5025757358321,1,1332.739384465705
19,1,39.27340324999113,923.3884521725859,0,1232.9426362622116
20,1,48.09190860109685,610.8615278201947,1,1421.3334678911895
21,1,49.66722642310698,777.7348706882065,1,1441.8679125071328
22,1,33.569439337053836,876.8127528360915,1,1277.6033065920585
23,1,47.9851372621074,838.7953658262852,1,1415.1632108326094
24,1,35.01313547555922,860.9133031558329,0,1193.9397001162827
25,1,28.235899243144196,859.0518608276321,1,1217.2236657149856
26,0,26.51803403114532,756.4859246714547,1,1189.73072331621
27,1,31.530588995925644,774.9230101500991,1,1256.0925666237217
28,0,37.27479443027071,707.3730616276688,0,1192.7986659051214
29,0,34.72598596388889,908.7435803253436,1,1262.4714741049174
30,1,37.00877790585033,605.6040784095787,1,1304.8717061075533
31,1,36.98942671822796,771.9379561663649,1,1314.181189461655
32,1,42.1459935608369,881.2077556671369,1,1362.995615554016
33,1,32.26818225110151,779.2296312991964,1,1259.066850596744
34,1,51.353474579317286,945.075731996683,1,1454.4612500835635
35,1,39.37693886479643,884.1493178155365,1,1340.6137339093855
36,0,23.0646414925092,713.4262177870622,1,1147.1722547383738
37,1,32.2335019580082,794.0122193299045,1,1252.8021800461436
38,1,40.15883050535119,801.1531153249758,1,1343.6915144373484
39,0,30.889446679136572,826.9111451391775,1,1228.2946542621928
40,0,38.44995049472574,747.1839494076592,1,1299.6239317152783
41,1,39.34395860831138,738.2926158633287,1,1328.7016745807377
42,0,48.03477683005029,773.7627484978317,1,1399.7269717503987
43,1,28.48304089266924,891.234717100544,1,1224.047008483145
44,0,34.83119137672011,912.361058688565,0,1168.3029796420317
45,1,29.323075447064088,739.6480286317469,1,1230.8258800528977
46,1,23.728671302367157,805.5323393638365,1,1179.2216174175433
47,0,16.510296888209673,699.9341567115192,1,1078.9223576682004
48,1,36.955290551818905,724.1821170860776,1,1304.1351129508885
49,1,41.01565225195587,738.8564185494739,1,1357.9791853481345
50,0,41.39158159789933,668.3277736792065,1,1337.7302110198889
51,1,21.100071825379192,599.258498278283,1,1146.6174175105998
52,1,23.703221466024154,876.8002127529136,1,1170.4352324352137
53,0,23.588458051624322,840.5761313504228,1,1140.6078259957744
54,1,28.113285003991138,716.8284121083958,1,1224.3816655164683
55,1,36.70197818152129,895.8075773112283,0,1207.4036378028297
56,1,40.9448342725741,981.0719251438418,1,1351.2338774702957
57,1,26.849673492750426,544.9985515172204,0,1107.0891262113319
58,0,6.356531629332704,915.0255080717416,0,882.7486410025067
59,1,44.538234817082596,922.7893654420767,1,1390.4295180228808
60,0,41.15284770613444,815.2103162683809,0,1232.8150314643754
61,0,27.991292994497368,747.6916190812627,1,1202.3899491752616
62,1,24.2633865853021,689.8406635654162,0,1081.0941572256622
63,1,32.00008803200264,712.0269718587024,1,1262.384207028067
64,1,36.081065628025705,736.3299742245907,1,1301.2032560405257
65,1,42.23200763587674,589.4068569157099,0,1261.2921661548185
66,0,48.90095096074266,735.374163987757,1,1409.4880876583647
67,1,26.511166016215967,898.6793426319456,1,1208.6471927393602
68,1,37.907228446434985,724.5099854067411,0,1211.9794301361658
69,1,48.341760337024226,956.5204862898136,1,1413.6451702991562
70,1,25.986578447409173,794.9950739008474,1,1201.7947203061844
71,1,32.77236587067149,811.1028706146697,1,1265.158998659726
72,0,17.28531971796601,847.5471045997417,1,1083.1791824268073
73,1,37.87422250114445,706.0996095292861,0,1220.0509243632723
74,0,28.58808237676001,722.5954380357018,1,1201.2517083448893
75,1,25.750623577610533,757.6441532767358,1,1200.120781744774
76,1,27.200225308146766,977.2879494410538,1,1213.7484450350478
77,1,39.44503373594371,842.6550658330294,1,1337.6101403967243
78,1,13.375309973883397,790.5529826911285,0,963.4587526205196
79,1,30.744891000790545,688.3404566184337,1,1239.9472057859753
80,0,24.862823407954544,791.2564853470458,0,1072.5116232134399
81,0,25.378809716962532,839.2526090173269,0,1071.912852597025
82,1,39.74634627277364,763.9377830746274,0,1246.1147507845403
83,1,38.517542696045375,711.201563838252,0,1222.8355304629163
84,1,33.92979643753019,705.3583446204144,1,1267.4538787565966
85,1,40.37517256600346,778.008844392544,0,1246.1622953103213
86,0,28.978951015518696,834.222011692021,0,1104.9956737834132
87,1,14.76702354666319,896.9924129415533,1,1095.7312712941116
88,1,46.54421280598139,666.4546859802881,1,1412.99991526334
89,1,32.69307002305891,719.9120524593854,1,1272.521596321568
90,0,31.349112317850892,595.3203655815931,1,1232.8785356362037
91,1,36.57517929375722,811.0056218193675,1,1301.3503071290713
92,0,42.65932222984396,871.6100373735301,1,1346.071254465245
93,1,39.26086966202313,825.4120602375613,1,1328.930204248776
94,1,44.27265399965311,922.876218801499,1,1378.7955172134605
95,1,35.461345928404874,858.3404005956116,1,1287.376618632941
96,1,29.957143569088892,741.2875226271036,1,1239.229300193286
97,1,31.995505916444383,944.6665357916197,1,1264.4394061063006
98,1,43.22915978645871,844.3394035428033,0,1272.8411288924801
99,1,26.50731203870961,857.7946885715448,1,1200.8957735013828
100,0,25.46389904318804,707.816503612272,1,1175.064007231436
101,1,38.13478715882576,775.0673294834844,1,1323.856642219425
102,1,41.12473307433314,677.8101353624334,1,1350.9309007884249
103,1,18.089167724631178,792.746035395449,1,1123.8849146806656
104,1,42.846986274423244,936.4901245036738,0,1260.5211469448805
105,1,35.11925135260023,754.2468980155767,0,1189.668321283054
106,1,33.187447121300394,806.5200219360095,0,1167.7181094248567
107,1,46.0695440248067,878.3980335923698,1,1402.8486103837704
108,1,49.79394870988263,641.2291926835198,1,1443.1643666266095
109,1,23.526005590001585,663.0635686761832,0,1076.1356312915157
110,1,45.11654376513995,707.2480197377641,1,1393.0040732996424
111,0,28.679308050251183,830.0841559830217,1,1203.3476255119856
112,1,36.323613195190894,808.0468946103937,0,1205.8847926906176
113,0,39.80926064725324,924.6746830517218,0,1216.3251686165336
114,1,36.331776275846074,676.5550899794977,1,1299.0770413357031
115,1,20.371355376718064,756.0930705677354,1,1142.8067134888483
116,0,29.93598219525259,589.8406046944401,0,1115.0560306175275
117,0,50.396632373375454,961.8756171373261,1,1434.3569196990934
118,1,36.72793618387291,908.4328490744128,1,1308.978120577271
119,1,26.64176075920322,735.919909308699,1,1201.4812350053662
120,0,28.440712961203918,774.7180173742935,1,1201.5662077079596
121,0,45.5756608653532,786.5170726777528,1,1382.1661382961304
122,0,38.46083489865367,979.5355991713825,0,1199.4591505642861
123,0,26.028134580063057,803.8396717369021,1,1173.2831698693115
124,0,35.06265211255631,841.2998288890058,1,1271.8110403831727
125,1,40.9667050907573,869.9572122966991,1,1354.3122933397901
126,1,52.2255180794401,868.979094457615,1,1451.7058056173048
127,1,26.182505165906548,632.8940534708117,0,1100.944387953053
128,1,31.200540448331324,874.0048307522627,1,1262.4576526979354
129,1,44.96110015873762,707.5875100886237,1,1389.8902432791274
130,1,30.40879107056159,796.831142668903,1,1247.479013676914
131,0,49.60265746212568,607.2207018479771,1,1414.2529573770933
132,0,45.43246176950352,821.4303029678329,1,1370.18046920712
133,1,18.409590296531654,699.4961134493041,1,1117.089631374214
134,1,39.23957776227395,582.1046507710207,1,1326.9825212536875
135,0,20.80837073814761,632.7450869445089,0,1019.4238196511579
136,1,20.353075433293174,657.9277864448983,1,1141.7238297583415
137,0,35.704209721478314,855.0531638778356,1,1271.7627509115898
138,1,35.56698221980272,831.0433176916789,1,1296.4749497682387
139,0,34.67291822734413,868.5073912961959,0,1162.9687085981586
140,0,47.642812240663744,746.8089509183168,1,1392.0660273897859
141,1,37.94987885730239,818.1785459863277,0,1222.644174388921
142,0,28.26913179495511,841.1596177796364,1,1205.3469179303145
143,1,36.19588291490956,791.494095104168,1,1312.259774347714
144,1,29.856034910087057,689.3293796463907,0,1137.2928295259787
145,1,34.31888426133463,912.9133595739993,1,1273.751024012687
146,0,23.51988088163257,966.8015624374143,1,1150.1736794031099
147,0,33.84755519870831,1001.9102925939471,1,1261.68764638438
148,1,36.029363918490084,889.2548035572446,0,1199.0922771482738
149,0,27.982565128968606,781.2795316792179,1,1203.490710185423
150,1,35.41230624270294,787.2302584389304,1,1297.9772818850654
151,1,28.512316494015213,769.4669860341935,1,1234.8206856290892
152,1,28.559921405335572,773.7133162143687,0,1125.8916745598017
153,1,32.95561174933628,794.8531355573667,1,1268.1443019508126
154,0,39.908409176615926,602.7336640265958,0,1214.5570437858455
155,1,32.9466301272947,801.1228250385149,1,1269.0155540593112
156,0,36.90691323925255,823.5344857293826,1,1290.2972733811607
157,0,44.70024192661124,704.9630146478888,1,1373.2383530178377
158,0,32.14738922152931,624.2852024804668,1,1242.4712269434397
159,1,33.96380731458234,764.0039349084827,1,1271.7541281257134
160,1,40.11254541203706,487.84104415754734,0,1232.5843334750573
161,1,22.418375499842785,967.2547112243075,1,1156.2120374924493
162,1,40.438259689561946,869.0549816448973,1,1349.0418404599811
163,1,29.650364134170108,702.3329679928879,1,1227.9736191739123
164,1,23.61953973219928,801.5134175604894,0,1072.320811705433
165,1,17.319962291243463,783.4545824749574,0,1006.0851777798805
166,0,27.85021797132258,633.9786631473133,0,1102.6912392443644
167,1,23.297977356403788,712.1565619734496,0,1079.213237772821
168,1,23.215518515805407,896.5815838602375,0,1075.4802601869192
169,0,51.27291337953332,684.4178693265998,1,1426.452554323915
170,1,22.87853334371467,724.8604288384398,1,1165.914368936119
171,0,44.975099174412854,725.4915644145259,1,1369.622175180295
172,1,40.45245641420171,922.7052485474054,1,1345.104346992106
173,0,26.152108848248794,780.9142006178583,1,1174.5863166648305
174,1,28.88769302118629,855.4310745974685,1,1226.9913094966905
175,1,30.89800487166643,877.1433127103726,0,1154.73820452049
176,0,36.90409369836814,761.9933200209239,0,1182.5931509486084
177,1,31.51675071040662,687.1448611644023,1,1257.5293131063804
178,1,43.26847530284988,817.0101777039985,1,1369.8808663410848
179,1,32.07313097697278,764.1457667948933,1,1260.6393568153103
180,1,13.34653790036759,944.2938490686596,1,1076.1773238359615
181,1,34.0378322379662,748.005313675673,0,1179.7986816388348
182,1,16.480431537514153,768.9357905600684,1,1111.3789054039046
183,0,44.37811135232089,868.273746460155,1,1355.8622477551903
184,1,27.52313518560503,733.6421579634565,1,1215.2944930654469
185,0,23.847585642998347,798.2049451363088,1,1160.9969976529537
186,1,29.084935847011756,849.6591016531611,1,1230.01840955213
187,0,40.85230683909193,759.5725299494305,1,1323.985746486947
188,0,15.81441800690137,678.835118978589,1,1086.1181273357324
189,1,37.53816791504093,831.2743716736159,1,1319.322696959472
190,0,25.277582337538313,772.0138135810331,1,1176.928178040805
191,0,34.91486551961983,598.0144865455284,1,1261.3928150761033
192,0,41.790419110074794,826.9578863177791,1,1334.7101734250325
193,1,40.696313666924226,813.1799250869177,1,1336.0793980471885
194,0,50.02961661128396,632.1228729618467,1,1420.1364776042312
195,0,36.290854011654744,747.4120496695946,1,1272.9115738593598
196,0,27.988170483233823,782.4875376554875,1,1189.1881773093412
197,0,56.53707215977231,744.336923660839,1,1486.8934590980691
198,0,31.967538617382505,855.1848409108525,0,1131.1071400641988
199,0,43.075797769080125,642.3948486719737,0,1246.7547064580863
200,0,44.309914661264145,704.5707227608865,0,1263.4595237109509
201,0,39.54902098272933,755.013657540147,0,1213.7735392679574
202,1,49.25420690063601,944.3906395151572,1,1435.892265903039
203,1,32.9100882748725,784.4745911186177,1,1263.809516255959
204,0,22.68597220909392,697.8281092010101,1,1143.1969617099523
205,1,31.39396422846653,953.8469747183112,1,1247.1933301128604
206,0,29.527867005159436,776.8824025873538,1,1207.1622315476197
207,1,38.27996007514467,855.192386215171,1,1321.8890795984698
208,1,25.667001679063436,912.1794036869978,1,1194.183674649146
209,1,41.80810824800176,840.9545392352493,1,1360.2967168962768
210,0,23.361175998136424,930.0261526040879,0,1047.980104961282
211,1,52.55449509883347,720.9078728464784,1,1461.404722002293
212,1,49.49637364254908,959.8619453748547,1,1446.133931718595
213,1,30.51205058788916,617.7099726495558,1,1244.8746597978236
214,0,36.400672889304644,702.4636886023152,1,1284.8416088082338
215,1,31.263496718224182,741.3539341148224,1,1246.3132583297784
216,0,22.935658827619154,823.3109551802412,1,1158.4613277453934
217,0,8.386540250589874,752.6551375174662,1,1007.9784966376363
218,0,34.749055067344095,858.3110980688571,0,1173.9121861772217
219,1,34.65626742750936,842.0029447291878,1,1289.768226589946
220,0,51.423590390448474,867.886090857055,1,1433.0642114841137
221,1,15.045378524611689,948.2461025169467,0,987.333629044309
222,1,28.378292413975906,657.4715962238146,1,1217.8414136281688
223,1,43.80037992310032,896.9974980650082,1,1379.488076494479
224,1,38.423874200016435,773.4534232138126,1,1319.9445091961197
225,1,36.21753855523786,719.6894449314831,1,1301.787906762446
226,1,28.792389654881866,622.2965898084036,1,1226.6923102789708
227,0,37.00945267574023,715.0963108374332,1,1290.9113850416068
228,1,32.640946519766594,770.0521780853982,1,1264.0580885986135
229,1,36.13661114970227,605.9755520810149,1,1300.3976410356456
230,1,29.220708047121818,763.9967212366154,1,1226.9309429946525
231,0,46.885648858383306,851.0106187169821,0,1283.4890822477184
232,1,45.59936278121474,670.2029581470355,1,1392.7415618503578
233,1,48.367582108646765,799.5152597652058,1,1417.751400681302
234,0,31.32830828869783,665.5147765111034,1,1232.6980479043193
235,1,31.95663295221605,794.8315814768844,1,1266.202890701555
236,1,31.49720375764287,889.4849793359077,1,1253.62299372103
237,0,48.74144762728025,582.0117727205813,1,1407.4537367158962
238,1,32.00279508124931,1030.6416432267208,0,1156.052262579654
239,1,35.97635144225232,683.2249644449067,1,1302.1348441263049
240,0,38.811880287237216,894.0429718673155,1,1307.290143791395
241,1,41.78212556818783,1007.9101596061881,1,1345.926995149156
242,1,32.3232672776573,705.6175976726657,1,1263.9994821728258
243,1,58.45965664334913,732.4545854873637,1,1526.5178387745752
244,0,25.725053444751705,902.1650327997412,1,1179.223036993455
245,0,20.734428263022618,718.2496569333024,1,1125.8172560293046
246,1,35.423026643898126,704.2879265989013,1,1295.588221848143
247,0,52.67443470004814,958.1119279826703,1,1446.0962819477982
248,1,35.52750327145367,976.6442801487373,1,1300.0002488389268
249,0,36.09726039969968,777.2964841114457,0,1173.7782966939817
250,0,43.632026155581535,1028.1110194975272,0,1260.1164019448709
251,1,34.01026795230383,990.3747216593819,0,1182.3530152716571
252,1,36.036965460862206,793.1378463499193,1,1302.8772836638282
253,1,47.0848487568464,718.6140860733328,1,1408.2675100040199
254,1,35.93746021052772,732.6744685602673,1,1299.786730521034
255,1,27.478034810539167,940.2030463378005,1,1217.4266422232038
256,1,38.94924219872661,854.0016608296576,1,1329.0803263489254
257,1,24.084795660125813,864.2274168798481,1,1173.4640955743291
258,1,20.41707575004306,798.728023501304,1,1145.7438605577481
259,1,33.772877150442454,818.2879553229633,1,1273.911437336459
260,1,23.990708083316036,751.1485419769274,1,1172.0818607380427
261,0,40.809230718397565,913.5236736076458,1,1330.9517631771066
262,1,33.53052510640212,767.394897775078,1,1281.5149795267403
263,1,27.33665384927646,999.1862533827795,1,1213.8850911391326
264,1,51.22897578544623,858.6772894352091,1,1455.4804716853357
265,1,33.9005945596401,898.8333223717117,1,1276.358751341684
266,1,49.217048542620574,947.5623935283711,0,1330.6392537008837
267,0,33.865789510036024,795.304662014389,0,1163.3087165998104
268,1,31.707190584188474,623.246890079977,1,1253.6146644067776
269,1,38.73460983597143,739.0366028230098,0,1229.491589701469
270,0,45.29888130939811,859.3256912250552,1,1369.3479213863143
271,1,62.057750471993415,920.3387219993145,1,1561.2134490118092
272,0,24.650541287507554,820.8256826939065,1,1177.204037929965
273,1,33.16570141359273,883.9139358531806,0,1176.2303608268173
274,0,45.77771307451325,894.304143399232,1,1387.2294947604678
275,1,38.41620225298793,902.8093119092796,0,1231.8812777976589
276,1,33.12656375881326,874.7563844215257,1,1273.8893395925982
277,0,21.971408914705254,780.8572934713768,0,1032.8931355943737
278,1,32.213417380243335,902.4690164661558,0,1164.2070214768075
279,1,33.152460915417336,749.577802523955,0,1170.4616611161846
280,1,34.18222502826436,834.8548859453759,1,1276.4964448650737
281,1,51.12241793727067,749.0626124810065,1,1440.8684931740647
282,1,30.38060160495332,847.7824457308946,1,1234.8767648206683
283,0,19.239496991813642,850.098539560201,1,1110.3813101501926
284,0,39.96433073531127,789.4419482722602,1,1323.063778992476
285,0,33.880462161810314,802.7308738901061,0,1146.7586180607368
286,1,32.956535997880266,843.3715804571129,1,1274.6377002765369
287,1,41.355681628564014,686.893551555668,1,1342.8853208981225
288,1,5.933260459284536,902.0686900524507,1,997.1731412965487
289,0,29.463417472390447,826.9274289996769,1,1219.545096926833
290,0,33.46548171749077,854.8548641391203,0,1157.6974626525196
291,0,41.0529051576044,783.0578837641325,1,1330.720692002019
292,1,32.38993403815639,612.1559750049507,0,1161.8868671862626
293,0,24.948615375887485,874.8307195127445,0,1070.8382644613075
294,1,38.72566114312583,773.9899859992191,1,1324.1712452993102
295,0,35.19446176520124,861.8260659063715,1,1270.9828598505098
296,0,36.105288153952756,1004.793696163662,1,1281.11454481726
297,0,46.56570436923579,684.4375162022138,1,1391.9429079509064
298,1,29.577795397882376,935.2941406744238,1,1241.4211874741977
299,0,22.507987165809183,763.2478018390079,1,1148.8245141902912
300,1,22.19987403246809,794.1689536719323,0,1063.212803130599
301,1,24.76067212209616,746.7781907562207,0,1088.9051302142232
302,0,21.123494200119367,750.1499522642388,1,1134.3685172770156
303,1,34.507788855938735,684.9860422424144,1,1285.9127681759107
304,1,53.10960730483138,812.6240922728109,1,1468.1690775549068
305,0,34.004899342917334,847.2863899171132,0,1164.1105180822806
306,1,42.77237124297383,781.3474784793564,1,1369.4202177936268
307,1,23.974036748199868,638.071355004172,1,1175.5083228668827
308,0,32.783552172982056,759.7240953780589,0,1144.7766679117854
309,1,40.660949625959,841.2812241805166,0,1241.1486354350077
310,0,31.450406547449365,727.9280595939476,1,1225.5434107533003
311,0,42.85262601468044,740.9934769580889,0,1245.6045761626322
312,0,41.94047378599404,683.0373382138334,1,1342.1665731067278
313,1,28.672701044150447,859.1456646071839,1,1233.4737350427906
314,1,27.28041358038692,733.136105099826,1,1214.5321397927064
315,1,58.57817387601102,1116.7937647216454,1,1530.7123344810557
316,1,33.0745066364019,901.303941735815,1,1266.4905051962335
317,1,35.06619334214197,783.4012680348621,1,1282.1077587723807
318,1,34.45453975372639,800.241647226761,0,1181.2452487137148
319,1,29.317931194596238,728.2698016825588,1,1232.6108611895218
320,0,25.730240563033547,828.1338028308024,1,1174.3993984790743
321,1,23.642648186192975,800.7281897113611,1,1180.6011941191136
322,0,44.13962339054452,627.0299773591667,1,1361.5812136570783
323,1,25.139371666771275,615.6526383590798,1,1186.3710909855265
324,1,41.6748541348963,860.1203031410255,1,1363.2914302269373
325,1,49.06595489706619,568.206242918338,1,1425.1351881007847
326,1,46.57778960117877,761.9687926280426,1,1398.4918587516026
327,1,33.612468024264665,965.5164900191562,1,1277.1344451461675
328,1,29.606781490398625,633.7144950984466,1,1236.435874985635
329,0,24.211065009384832,829.4729665781588,0,1052.7982921121438
330,0,34.81437860048891,956.9901439193407,1,1267.594842418173
331,0,32.673843143212956,851.1946896762047,1,1237.0791916278486
332,0,36.5629354251416,928.5902401063945,0,1186.0503096116133
333,0,28.959902452459666,703.2485246440287,1,1207.0912918050833
334,1,41.29035120121665,863.2389354506734,1,1349.4221027808783
335,1,42.14169570852022,818.3078667646321,1,1355.1788427426463
336,1,45.75886101288758,935.0116116923734,1,1396.4695061956631
337,1,57.49755517379323,1048.7327671444252,0,1410.0107907886677
338,1,36.978905988792924,811.4661697081466,0,1216.5060327058297
339,0,29.24453681521296,909.5740364003981,1,1215.4380588477416
340,1,34.226791349954055,759.7290128807036,0,1189.9942995635922
341,0,18.720801108989807,764.0930285645526,0,1008.0931557301924
342,1,36.299231539690375,744.7211770083546,1,1305.6927176088482
343,1,30.74326866739939,664.5325019724337,1,1259.2709689030103
344,0,39.06011748521125,807.3338862062263,0,1201.173639629849
345,1,32.31189814361928,796.1011470007868,1,1251.6215934521206
346,1,21.190154637022946,872.1869883981367,1,1146.0423689508061
347,1,35.36583321344559,778.508104219382,1,1297.61646054645
348,0,21.467554688236135,708.4415066226517,1,1126.180788846624
349,0,43.970061939422585,787.1561459197828,1,1367.0369160126065
350,1,16.706402877360745,984.0210487821387,1,1113.6464132067624
351,1,33.58123055828009,845.053125599064,1,1286.804830137377
352,0,39.579817778427795,827.4793677660706,0,1204.6920727449085
353,1,19.803824869100133,905.6376417997071,1,1133.0485719140834
354,0,48.990553146602686,979.2054279054253,1,1413.886522916859
355,0,26.146608090969764,971.0819216098648,1,1180.8071482162798
356,0,29.93669708778679,756.8571066062544,1,1222.6001437207547
357,1,36.63332105966331,792.0723135614886,1,1299.8354944179255
358,0,31.62856143741608,763.6774955499409,0,1137.4256971828734
359,1,24.640484679901746,779.9009526963098,1,1185.9727820342425
360,0,39.09337928216715,845.1281929836337,1,1310.75955276935
361,1,29.757765417831138,752.0058015197789,0,1142.6948258988607
362,1,40.065003735241845,683.4474819873299,1,1336.432497069214
363,1,29.952771372252915,776.1056028709422,0,1140.1665802076072
364,1,25.427496710464958,944.9834651909034,1,1187.6460269664572
365,0,34.05365641546744,985.2873872253147,1,1259.6766097174277
366,0,41.49439317610584,759.6768495537217,0,1225.420207868765
367,0,37.423217993270654,882.6968315956171,0,1190.3366448455076
368,1,34.410659097382855,787.0865097587359,1,1283.4486751222832
369,0,15.522059284238235,787.8473113201627,1,1078.8303416926092
370,0,49.51443631891495,732.5726715199537,0,1312.3058821884786
371,0,34.60060322362278,642.1566201205592,0,1164.510537685922
372,1,26.36002308930089,980.2076396447114,1,1208.8936270166262
373,0,32.983097602874814,880.1116813864506,0,1141.2969696801247
374,1,37.612555627274325,620.7735272491828,1,1314.1515776253598
375,1,19.816486166941374,765.2581273724553,1,1136.842618824224
376,1,42.17308632275803,955.4315929329651,1,1367.0762803777998
377,0,37.46832728096417,810.6492793185901,0,1193.5240708584126
378,1,47.02767046305085,819.2508920670481,1,1404.977440788243
379,1,44.860392704473504,884.9227967140941,1,1378.5778051862828
380,0,29.620594009377612,899.0514611753274,1,1212.5022831355097
381,1,30.097172581860438,862.7582211644799,0,1146.2030830012689
382,1,25.044838274375525,841.5215485556038,1,1199.4411729607461
383,1,31.382970717453855,947.4939064834723,1,1260.6683450668727
384,1,44.443548112969225,970.9472073911519,1,1380.1064814134077
385,1,52.92207011615454,822.835960194932,1,1468.4860966044957
386,1,44.284093958643,779.1883117939364,1,1386.7093859300753
387,0,16.70062330369316,801.2145755272346,1,1083.8281637568998
388,1,43.21878106163116,834.9722663254964,1,1366.7690836188501
389,0,45.36268762003404,732.2355357590135,1,1371.9842779103556
390,0,41.174201441298,864.2182679197389,1,1326.3397392871939
391,0,26.450696368812146,671.0561964730637,0,1074.6144111946383
392,0,45.645105184847104,1022.6067254974477,1,1372.1528492531927
393,0,42.29481458103667,551.6580641024118,1,1348.0302448264188
394,0,41.6265658435809,817.2834278705764,1,1339.3598848314587
395,1,31.185927972957575,794.1095852345524,1,1252.332019464533
396,0,43.45891777793581,854.745229730498,1,1353.0253459274127
397,1,36.11591884445813,758.9526397895693,1,1297.603977132407
398,1,34.32229738343964,1040.2405160313601,1,1282.8578454072428
399,1,49.87098096518278,785.5779060557645,1,1438.8952123748006
400,1,42.5722337664623,802.3396442834638,1,1373.9062348670761
401,0,6.259575066012886,912.4121941360228,0,882.8167911347608
402,1,30.734575509225184,869.7774490472751,1,1246.2548668544448
403,0,20.125937043680256,818.0907478694348,0,1022.4412292646343
404,0,40.887916457109355,783.0397169594212,0,1233.4747533928987
405,1,30.574004892242204,776.5471952647315,1,1252.7885049688505
406,1,44.013048023201975,664.5069307162953,1,1380.8126411026062
407,0,39.678283403676886,862.9956078520477,1,1312.3056013897458
408,1,35.2204031866703,844.7270152516536,1,1293.6421840811565
409,0,34.14892168204388,695.595814154325,1,1259.7714858973275
410,1,31.387328573465417,781.2714425376225,0,1149.3487087526207
411,0,36.99506501537268,928.7290870292118,0,1182.6731944059372
412,0,23.91745745299695,927.409281326188,1,1163.0369673957537
413,0,41.727940704863535,677.8838641807644,1,1339.4916561192174
414,1,31.058863666263598,880.2021906549621,0,1149.9851718502887
415,0,27.560324144150076,812.6830700702608,1,1191.0744867906722
416,1,31.7388652321659,838.8514857183543,1,1255.23226823001
417,1,53.74668826814474,712.7803826788611,1,1471.097713807213
418,0,17.42000854653263,779.2913009991024,1,1090.2580049392186
419,1,31.511390900351316,594.1587311027945,1,1252.5379245753795
420,1,36.06589229118386,726.0876682885504,0,1199.6458615091997
421,0,29.623412187948535,769.3377875624584,0,1114.7470026851431
422,0,30.88730868088165,930.3417633533213,1,1231.4469796768424
423,1,38.82348337976121,694.1340144944892,1,1315.12934729728
424,1,37.22514088542642,830.1720185835217,1,1322.0119697858727
425,0,28.262454916802987,808.9973186832775,1,1210.807414489066
426,1,40.67432913870525,663.6607749428879,1,1347.253706302933
427,1,36.7948365476,828.2523871303601,1,1300.0524962057625
428,1,41.86341749488027,958.0699450433825,1,1362.338120497965
429,1,21.727363385165877,894.0040246321862,1,1144.9168300251647
430,1,27.320835617776673,913.1430232010815,1,1219.902938549924
431,0,33.07297491327211,778.6304099306154,1,1254.321372179692
432,0,44.5905119808221,895.783890475,1,1358.709896789488
433,1,29.709686380205582,562.9190370464328,0,1138.5008093456124
434,0,24.671130090491438,674.6741390645155,1,1164.6380541179674
435,1,42.71745490447405,782.5152048367036,1,1366.9556967386711
436,0,39.653566641985336,810.8511592901089,1,1314.496670227585
437,1,22.743289330860254,851.6920454312649,0,1068.0575788440058
438,0,55.466772402203276,872.1634385944806,1,1479.3285748529918
439,0,49.98674448897293,754.0056167223703,1,1414.736895550563
440,1,21.11050915323158,751.8388453488825,0,1034.6490752903062
441,0,56.53376463722812,765.0724677746522,1,1492.3637772792028
442,0,17.708832594506354,743.8234028156292,0,985.6811671704868
443,0,36.02042485094495,787.5297301601935,0,1181.4299907860143
444,1,23.587208725029058,887.7552327860635,1,1175.5149399129448
445,0,31.22990911796219,846.334691360602,1,1233.3015210466303
446,1,31.51217901237953,756.0634663670554,1,1259.771779926217
447,0,38.228850812285636,730.7582707503196,1,1300.9942809308777
448,0,23.756603820598418,789.5547206409441,0,1058.7848964945354
449,0,7.429502776793274,779.2000087432868,0,888.3794475053382
450,1,34.04188900880271,921.9308412228223,1,1281.180761634565
451,1,27.533001950433505,572.9564300980561,1,1212.798275690693
452,0,37.10781418005385,702.6547330951652,0,1193.010375254064
453,0,26.51490191491181,862.1190259045578,1,1188.309407724043
454,0,42.92264765704344,866.2561672297886,0,1246.7758162822417
455,0,35.291874325756545,734.9009751279756,1,1265.247307958174
456,0,41.03388012483792,779.1262931445716,1,1323.3521150455701
457,1,25.050598951865517,979.6911647141741,0,1086.2378729813058
458,0,32.88667541856239,690.1221585105588,1,1248.4912168356054
459,1,38.44021087496185,977.774209175325,1,1320.551495031534
460,1,34.106214710164636,831.6944408144577,1,1280.7311915099308
461,1,51.54037466516499,904.9576421631566,1,1460.8402391627749
462,0,15.370912867910256,747.3719214993263,1,1070.0689827575695
463,1,42.56125511499489,687.9787463697598,1,1367.3790119738294
464,1,35.144186579430546,839.8259494066733,1,1289.6569766814757
465,1,44.45713804060792,842.1306803003695,1,1381.9646826106282
466,1,34.01191507613716,757.4846350949417,1,1276.559504906888
467,1,7.602457566128564,712.3008994018895,0,914.8422573882483
468,1,39.20305849423153,929.9996604309528,1,1329.2439436297288
469,0,32.81620737739016,666.3213243505004,0,1151.7875458179883
470,1,25.106446704017465,942.9242429732651,1,1190.6490225375062
471,1,28.435311038154612,740.530687991355,1,1226.305536315494
472,1,35.55663548201307,611.7313542179794,1,1301.6315528210694
473,1,59.520634447749714,1018.0311231724002,0,1437.8401973254086
474,0,36.8817357373771,837.8777278643632,1,1280.2128634712183
475,1,25.203036316222992,693.0687171295014,1,1184.094528733306
476,0,54.036104675045586,762.4855018378054,1,1457.2862783011528
477,1,30.614802178043867,720.5202281537618,1,1249.1567389893064
478,1,26.702739044145368,831.5122868711275,0,1104.593438380469
479,0,22.527686812379986,813.3939385683657,0,1042.8607641604847
480,1,28.26190836912209,675.9448424421155,1,1223.228804019981
481,1,54.351672639669616,825.6480536921,1,1482.874227678062
482,1,44.06561434864075,732.5929793254254,1,1379.4130045604481
483,0,42.365267714270786,863.3227353785119,1,1341.8782832382374
484,1,36.466253040451264,860.236487324394,1,1309.4621909211978
485,1,37.83120796739,796.596631347373,1,1316.8906105793883
486,1,40.89276720770128,721.029363945098,0,1249.1647972458054
487,0,37.15849476577042,752.9564445785792,0,1192.8198920031266
488,0,36.55053234874317,698.71818623723,1,1285.6154529140704
489,0,44.53826636303852,883.3553270073421,1,1366.2926007651158
490,1,33.34147297520711,935.4023562231736,0,1167.8193749694365
491,1,37.5500374557096,805.0072711986451,1,1325.9034674675615
492,0,26.025276406453415,833.6880755644451,0,1082.0001157533402
493,0,50.83970104702789,779.1001126680605,1,1421.1620942550269
494,1,48.927586281659686,821.8459987896842,1,1436.5339300824392
495,0,16.877417682710785,987.3475207923719,1,1087.5403531910447
496,1,32.836803214105416,826.1721804971702,1,1274.8490057125537
497,0,40.49856056710878,933.4694519356422,0,1229.4592995445128
498,1,39.82736237517578,824.7746646145097,1,1335.9755392787356
499,0,42.608487289500744,662.4215138816392,1,1344.689370577877
500,1,30.543419830659854,680.9460218242691,1,1239.8925624580324
501,0,22.946665803764773,702.6181380644723,0,1038.3693361697997
502,0,38.014667397647145,790.0368802912852,1,1294.706756584837
503,0,19.608547764043678,788.9264999887614,1,1115.3268617405622
504,1,41.353707234936145,919.2194596006784,1,1351.362494795334
505,0,42.029517747551516,634.411406980832,1,1342.1274347179374
506,0,15.941171353826594,695.4356709321432,1,1076.3042441263265
507,0,44.389214495562385,625.9760866188158,1,1356.2941863672509
508,0,32.755078945042065,851.3120771530791,1,1242.5137944389287
509,1,28.26183224612053,755.4043154016075,1,1209.480795597995
510,0,39.45787444805667,616.0806224177388,0,1217.005381713517
511,1,47.80617106898606,718.0152360903979,1,1419.1684153728663
512,0,50.6513013425123,700.4790451285824,1,1426.232686282338
513,0,22.994539638105046,829.7310127536131,0,1049.6985003904447
514,1,30.623050336260135,855.741649513032,0,1147.491642051443
515,1,36.46381481824469,672.6662992521357,1,1299.8185460948139
516,0,35.660190755538856,902.5072609846085,1,1269.4506244388574
517,0,30.549639847034918,846.661217126651,0,1125.0065737084522
518,1,11.57887613558497,823.3918317814873,1,1052.4159534262512
519,0,32.21617632492149,826.4441898678834,1,1243.589580868343
520,1,23.181963676551486,843.2419921394226,0,1074.4632033073517
521,0,35.33125272564001,897.3222153950414,1,1266.9084752387541
522,1,26.62282988159462,747.080594138872,1,1197.1687655522358
523,1,33.82388919753711,804.5768484602326,0,1183.615224558241
524,0,27.584774288708047,1079.4691413938672,1,1190.2671852398753
525,1,30.916530308168348,691.1999797517276,1,1241.8441074023508
526,0,31.222292390412825,829.5429570932665,1,1231.378975110933
527,1,48.283667119971796,656.2035434784348,1,1414.2921766137072
528,1,42.16436306841976,821.3081480857794,1,1362.6109365563555
529,0,32.677108117490384,897.4960634237073,0,1142.4797072274175
530,1,22.73773099757333,564.6537844660083,1,1171.8425949520308
531,1,45.475380909316286,741.5482187886827,1,1385.6797492066976
532,0,20.635928131761723,1025.387414958176,0,1030.123551023963
533,1,23.175310716134053,722.5978944467855,1,1168.3438264609533
534,0,27.237951641868445,657.6332020121115,0,1101.1259386330735
535,1,25.276864905242505,845.766938165357,1,1189.780723328442
536,0,25.963424388089273,727.6999109209161,1,1173.0384248859082
537,0,47.87203946044432,948.3744628385219,1,1395.577530340225
538,0,33.93812399012686,908.2048862474279,0,1159.171860659025
539,0,27.84129046342933,879.9758444109677,1,1196.7098435016624
540,1,41.717221964776634,657.4784198583258,1,1352.115118118102
541,1,36.976336259168804,835.9203832683437,1,1308.4528658062668
542,0,22.799032746663656,838.1222550685774,0,1047.9601731494427
543,0,29.390348795490358,591.6541468166715,1,1199.5560872371814
544,1,40.337326344117145,862.7833902936121,1,1334.775690002518
545,0,54.50315464683884,830.0613245884655,1,1455.8608578260576
546,1,50.819432296005125,694.1602761387306,1,1450.7475358218803
547,0,43.377875222361084,779.1350540362729,0,1251.3316815704438
548,0,34.86930337315524,1004.7973229830856,1,1267.6504132883579
549,0,17.74204037989013,878.4097277694652,1,1104.1183154973232
550,0,27.691464263180237,672.2770685403427,1,1189.6876779486945
551,1,32.84586134653036,809.1124006500738,0,1178.257717173943
552,1,39.902066685537136,974.6845306340305,1,1337.626231282781
553,0,35.593934237561534,803.2452183474063,1,1267.650384252534
554,1,35.58312052924574,748.8567284595317,1,1290.06731612831
555,0,53.3836310657496,916.4805238598266,1,1451.9661987615843
556,0,38.87650899413508,753.4722658323858,0,1210.2826883493315
557,1,32.194492753453424,776.9369951256616,1,1259.6759124898604
558,1,30.714822620364252,885.580915253098,1,1242.136025509859
559,0,35.95324935531938,977.9144331970654,1,1273.9917405450044
560,0,26.866685910585808,717.4657284309126,1,1190.6483379724302
561,1,48.68190077425473,777.1120047365357,0,1325.0864691348158
562,0,32.12463969909768,793.0962682512475,0,1141.6549673648078
563,0,29.71447576522481,889.4131057415419,0,1115.7509575437612
564,0,26.26987076743022,954.0406170246858,1,1175.0712036961347
565,1,44.35893072400666,969.1106500225721,1,1388.4225274712776
566,0,22.227326769777886,777.2783084136915,0,1041.7265804943845
567,0,30.312601610607704,893.1210962970208,1,1230.2460760034787
568,0,38.125162733396714,712.6397370783134,0,1208.484950685613
569,1,33.91677698356488,746.2178626646848,0,1178.6223056066672
570,1,37.50790417333032,680.3055808741688,1,1312.2649430511347
571,0,21.838066057937755,689.9584181952133,1,1124.1806424667013
572,0,30.699245508326147,859.1219930355885,1,1226.2101485077737
573,1,17.958903024138692,873.371256769246,1,1118.1985391670626
574,0,26.578626347855412,821.72775622243,1,1192.1289664881506
575,1,46.4825059530873,723.7785956609723,0,1300.3721153216206
576,1,37.52831535909216,829.6903131171053,1,1319.9571226009557
577,1,35.852871861245184,679.5006216214222,1,1293.3298102865153
578,1,25.663738694787924,624.4235915961956,0,1092.7654036099027
579,1,29.431803938403682,749.7257394393787,1,1234.481364808845
580,0,24.836296805792305,758.7872140371903,1,1171.1562183674203
581,0,35.535252498211484,705.0252114483353,1,1273.078169644593
582,1,42.65133606147259,599.5857829943936,1,1369.8818141114652
583,1,37.99194815381504,757.5334621178113,1,1326.7463872272012
584,1,28.82384251786801,853.2704059924325,1,1226.2877010701395
585,1,40.527873135743235,878.6175310461402,0,1238.8280209816771
586,1,38.8790849886898,959.5454127960032,1,1328.1888626431462
587,1,43.432109422503615,804.1773156077361,1,1378.4535227766748
588,0,30.593724136634066,1027.6475050256895,1,1223.1069057418595
589,0,23.20634626747275,845.2700218633538,1,1151.535660253697
590,0,34.15430934641181,784.3101391534465,0,1163.4179415775163
591,0,38.02777695052609,606.998179680718,1,1296.8998405908617
592,0,50.59093731124349,1043.040541611727,1,1422.745623136753
593,1,34.30337472694757,941.0700745100373,0,1181.6811481988968
594,1,39.27039414467802,863.3692976084701,1,1336.2393139420408
595,1,34.167368017238196,911.8454963314131,1,1273.6887096164844
596,0,56.56397740761819,904.4372629864694,1,1480.5787545375558
597,0,48.37968059382359,885.9207905623597,1,1399.4487473958889
598,0,32.676955526047564,894.1835292409226,1,1239.1718163756152
599,0,33.72595910052608,906.2131583647246,1,1253.2586893690252
600,1,34.78314595728248,730.9895170084177,1,1299.6859517998757
601,1,36.13254084384585,773.1462144742374,0,1193.9488575072276
602,1,29.349045895075264,811.7522001633907,1,1225.1669925994136
603,1,35.80700387244495,714.4394673688024,1,1290.969111111705
604,1,28.042285934110573,1017.5206339253258,0,1118.0363075455184
605,1,24.037978670480157,667.555011044605,1,1171.708013738184
606,1,43.04440557754521,814.2196304648965,1,1373.726491246469
607,0,41.566441199347075,720.535505261514,0,1233.4149276471298
608,1,29.319693226554616,808.9223807660592,0,1124.5838460864204
609,1,47.72785841488138,816.900856805757,1,1412.8249357517361
610,1,33.074560842430294,795.1635608033052,1,1268.4577355319166
611,1,32.16334781411183,490.53446770223155,1,1259.5432620472977
612,0,25.463282870607472,550.3746522112406,0,1077.5847408307468
613,1,34.756493539658365,872.0620290080439,1,1285.906902875603
614,1,33.630140351424785,710.7842146673725,1,1266.8512111855207
615,0,35.67518391121088,809.7020012851409,1,1277.9828641032009
616,1,39.45168359831976,880.00298617149,1,1331.2177273179575
617,1,44.06600388246007,783.1703177597323,1,1374.0337897062034
618,0,38.274105664605734,728.553144104523,1,1307.066748996153
619,0,44.92561626752092,777.3394343665462,1,1362.9701412147303
620,1,45.65400574027088,960.8540927511933,1,1402.1971600286593
621,0,5.695179446194196,956.0037530860653,1,975.9554229697469
622,1,31.37226257012251,994.5904762151401,1,1258.4408179774432
623,0,40.699325380925586,950.0840012955136,1,1330.396801741689
624,0,23.803645276949638,640.6802883319442,1,1155.2367774485488
625,1,25.39349641395908,614.4478110299485,1,1202.0142087058625
626,0,37.73736471912206,806.5208081147135,1,1299.2783658633612
627,1,30.585767113598394,782.2279112652501,0,1141.4441831900958
628,0,17.68512182321488,652.2255913441876,1,1094.0498827551867
629,1,44.05854843976373,600.5707565039586,0,1277.6388940393158
630,1,26.59160358493227,924.7520173328841,0,1112.2007091752687
631,0,38.863478549259675,967.037577549826,0,1214.9447507776358
632,0,39.12430114457017,826.392318735946,0,1218.019465653713
633,1,50.212686430423474,817.0746950929847,1,1450.869273264509
634,1,36.96564235460822,787.7894612645696,1,1310.1744096002528
635,0,41.65610352836782,750.5572592791573,1,1335.7469693596172
636,0,46.40591092248112,660.9465035948757,1,1387.61501008275
637,1,30.936188719524097,779.5099707249699,0,1151.4555279346441
638,0,18.444386463107094,695.1126458164372,1,1106.2345121215617
639,1,36.429300364911,819.0746489144674,1,1302.684074824383
640,1,48.259143083088254,870.7658062488872,0,1328.4989017246942
641,1,20.93722339360447,770.91353186132,0,1051.2106759302994
642,1,45.12131614995146,948.3996586684256,1,1396.2216762114044
643,1,34.39869157042175,967.5225154906442,0,1183.2502666457785
644,0,35.99481424280273,923.7410237699055,1,1279.5565141385653
645,1,31.507782024941278,658.8000023693712,1,1248.8549192791563
646,1,45.36853279590331,645.8255370560038,1,1396.2220385633827
647,1,49.24156479141635,807.6944410944179,1,1425.112966092054
648,0,50.708487913861845,815.8322698849273,1,1419.3959510047107
649,1,25.325992669327157,867.344443228018,1,1198.9537734105243
650,0,42.59285844342793,653.0412455719916,0,1230.6300275364913
651,1,31.238103455418567,772.4838986443683,1,1254.265654388853
652,0,25.165905860848053,835.1772557975451,1,1164.8344582782718
653,0,38.89895101103217,633.5146888644333,1,1312.4490142515149
654,1,34.820492862517526,818.6932152035762,1,1288.8062062671154
655,1,42.917246050900374,990.2827496060397,1,1369.5129345851192
656,1,52.92397875637014,648.1224275045629,1,1470.291945071577
657,0,45.36716884936324,933.052663251987,0,1274.5696963018374
658,1,28.04314384439611,905.1600487801442,0,1117.2847287090888
659,1,36.396226649693176,905.512167228366,1,1297.6395346122117
660,0,49.132454938925456,943.1406964195619,1,1411.7345417383503
661,0,46.7443759629564,802.064700495225,1,1383.9137002637108
662,0,19.15218417335709,820.1334888235133,1,1113.706855391658
663,0,44.46429920633797,701.0207246696808,1,1357.6269892222397
664,1,31.594859148813267,851.847961452904,1,1247.099473593243
665,1,28.74637309296293,927.4255876085608,1,1229.3460362531703
666,1,23.987977710172892,819.2179329002147,0,1085.6682060538958
667,0,31.882045399264797,917.5169564767082,0,1139.756216151545
668,1,41.886565053836385,924.2392931204571,1,1357.0170492270609
669,1,49.35271877867357,670.8610056845589,1,1431.7829125256906
670,0,36.38907098200222,833.7971088993263,1,1288.9715240573953
671,1,34.26947613578261,752.4847320535976,1,1278.6443090834864
672,0,32.976640618881994,783.4045604540586,0,1148.9767843516354
673,1,44.5379933574217,783.3611370597234,1,1384.0646760984578
674,1,24.188065525579646,687.6839464350882,1,1180.7579349105529
675,0,37.50018704551322,894.0946724013771,1,1299.89894912606
676,0,45.2162198057182,708.6723308001763,1,1372.9075158056203
677,1,45.618515111336535,848.5872121213157,1,1396.153148241355
678,0,39.17070210072757,620.480302130625,0,1201.9047407537555
679,1,23.37633848630023,763.0198530053149,1,1172.3278609086494
680,0,26.789152701853375,779.1319429275347,1,1189.7460746969407
681,1,27.795117422846012,733.8888237698734,1,1218.1767606861613
682,1,20.567280313030235,782.3403715508531,1,1139.8438600238344
683,0,35.40020334443422,903.581157253679,0,1170.2716027069978
684,1,47.22946683966808,858.5352730701295,1,1408.064634517938
685,0,10.533060833702855,720.6749167527798,1,1018.9720019241344
686,1,42.583878919815234,778.7459511841469,1,1369.3797679055265
687,0,32.97338345876491,790.3361289474243,1,1253.2624752536601
688,1,27.308661528049896,762.16495917517,0,1116.0382768710656
689,1,42.700088114106066,786.819601456965,1,1362.944740716205
690,1,41.483851588395396,770.6515424544416,1,1352.876339845536
691,0,35.962173786188586,1013.7481087239591,1,1281.91335814982
692,1,25.803566468306293,828.994796314826,0,1101.7313068520507
693,1,27.951382227620847,854.7614009186148,0,1118.6428342219006
694,1,18.827659377224148,742.1015712916545,0,1025.3552501298054
695,1,53.80893908366977,824.214537519494,0,1365.6403428474098
696,1,33.444056391523866,828.7659166799336,1,1272.5708297825677
697,1,27.454862512187574,839.5982955555735,1,1209.825678456309
698,1,13.390475558304264,818.3620559839254,1,1075.2409201279183
699,1,30.70538319699597,998.2784639073279,1,1244.743217148435
700,0,29.50872095360404,603.3223092493389,1,1216.1747747639065
701,1,20.97684117115668,854.472824992393,0,1047.879558321618
702,1,58.839718231246806,852.9708214726342,1,1523.6103478113698
703,0,43.72944350978479,728.7044699189038,1,1345.2450447621236
704,1,19.64334112825757,805.9129728232003,1,1131.0959745793423
705,1,46.33975251384698,708.9062897494232,1,1403.9877398870356
706,1,45.44840160618316,725.5727325056793,1,1390.7889410027292
707,1,40.89830688745609,578.8359647135346,1,1348.6911721228344
708,0,38.991037348948666,927.0051450779115,1,1296.9621221542063
709,1,36.449491846551396,745.2816067815331,0,1203.9111200160814
710,1,41.19161217607744,860.5020273999348,1,1350.0688176205458
711,0,24.67380893901883,772.5329332884911,0,1064.0974497512564
712,0,28.50643861724317,1002.3841474382341,0,1110.4494608174916
713,0,24.979927418076116,824.2061711182072,1,1170.592436545332
714,1,33.34119040011497,1021.8841438866482,1,1274.4401130688434
715,1,36.4665629511642,816.4227326967002,1,1313.8217497484532
716,1,41.02056524142745,945.0975938563512,1,1348.8795526734189
717,1,40.29055525492821,812.3416013976889,1,1345.4801531536423
718,1,49.456958407613634,834.8801444836688,1,1432.0133487169774
719,0,40.97309287428919,775.6998458241002,0,1225.9268948390575
720,1,47.56316921289564,810.261573554763,1,1418.9240390181965
721,0,45.974420428052085,871.6221952109443,1,1378.361760553499
722,1,29.1153958690102,848.9897091475825,1,1226.760044062189
723,0,42.51301281506807,635.7343416599247,1,1341.6743533268123
724,1,39.53514341017587,921.6281397165639,0,1234.0447660325217
725,1,36.19178234168883,725.6347560702143,1,1302.9625315538165
726,0,25.966122916947825,894.308241490707,0,1079.2034311809912
727,1,40.87982456694302,787.6497923867511,1,1348.3540270666983
728,1,35.637287482312544,807.0550768589849,1,1304.5954069371314
729,1,31.45164145063221,852.0473210390536,1,1244.956357306174
730,0,44.224957444187936,710.016091025073,1,1358.9944326634663
731,0,44.92325368595557,793.2353578306655,1,1367.6768989997643
732,1,43.73563901793506,730.2976452039195,1,1369.131101155155
733,1,8.889565388926872,868.1209291320545,1,1041.221073873233
734,1,26.02683167289953,833.4216185752398,1,1196.8075944851937
735,0,44.372353186046155,657.7270562952401,1,1367.1559493976952
736,0,27.546636651990145,768.7497803049775,0,1091.6351863157868
737,1,39.08539629742539,740.1685588245256,1,1325.7069927728958
738,0,36.82912672642759,733.661924323826,1,1281.9517014279686
739,0,46.07402291182828,800.5708253934137,1,1374.4683651301455
740,0,27.896283296203617,618.2770925574589,1,1183.721365720282
741,1,34.42197630639273,992.4918552080107,0,1188.110493939364
742,1,38.44923416712653,847.6022167894864,1,1321.5929843327003
743,1,47.72654447468997,606.5556790744586,0,1316.2065843900525
744,1,33.226191647579526,708.6179988780442,1,1269.3208702472477
745,1,37.904059969782814,837.0420131284869,1,1319.2623610607895
746,1,21.571517939960778,570.6703545945678,0,1049.015832182624
747,1,41.33050029938162,751.7976511267565,0,1250.947858733313
748,0,37.068197060830805,798.0755097238105,1,1292.071207886414
749,1,41.3930734251053,927.0425250370887,1,1355.797793348222
750,0,30.893294350320865,967.5964577621833,1,1228.4990004760061
751,1,51.853566212658635,932.3309805692251,1,1450.0293507316344
752,0,33.60173895757692,948.1873540686604,0,1158.8076574093398
753,1,36.21138748850069,750.352116093752,1,1304.0601340546468
754,0,33.94320823700553,913.7953833516136,1,1267.516242793166
755,1,43.4630489128897,804.1106878012564,1,1365.2462564568207
756,0,27.315509760769228,981.2384993644389,0,1094.5905092910195
757,0,37.01462405268902,833.475734272289,1,1288.7062989754875
758,0,40.74569598467987,868.5883680454854,0,1233.011459715134
759,1,22.547601120170057,838.3539456599541,1,1165.568369703392
760,0,37.27718808143363,881.7685587115302,1,1286.0065599219838
761,1,29.061979377313346,838.4141013789928,1,1226.3336331731823
762,0,49.28810785762205,755.1595641148991,1,1414.451964184906
763,1,42.04898068994133,810.7896650199128,1,1355.1750949491638
764,1,17.748660905998886,1093.9821160072288,1,1106.6321147671856
765,1,44.19284781932996,692.2702049122895,0,1289.696071332198
766,0,37.177409267781876,850.5308049224107,0,1192.745024800347
767,0,29.38675238100801,841.9403028178363,1,1217.009390914479
768,1,31.44414372185181,900.7972896475669,1,1250.0870094608701
769,0,22.278578333883463,568.0432673514133,1,1138.99546203766
770,1,38.86196851653908,673.8526011165237,1,1316.4320346375112
771,0,18.614768619857408,812.8244944687256,1,1113.5213110298578
772,0,33.597372227288524,707.2371793079782,1,1258.2521057886531
773,0,39.55175607836962,757.0131609111298,0,1209.4909132507355
774,1,35.833833619950525,867.9026636855057,1,1298.9047548527537
775,0,43.59173322310438,796.7697394539933,1,1357.7813317979126
776,1,35.50548104555682,721.8595519741139,1,1288.707646585769
777,1,58.08944104227055,770.912661409547,1,1514.92480802482
778,1,26.40536825263672,973.1700802109785,1,1206.9742674279917
779,1,50.391161686660865,960.1345981598931,0,1345.9310634339674
780,1,18.85533822651051,754.9659637564239,1,1131.3613979462475
781,0,24.226835416906564,954.6290733208248,1,1160.7886378416372
782,1,25.986394529512012,861.0662642218794,1,1196.7929299966659
783,1,19.788876388371424,889.2974291427378,0,1042.3021469748164
784,1,49.84693845067769,703.5764337356187,1,1439.4057183034197
785,1,45.33703320129974,646.2465874321759,0,1294.3190429924866
786,0,48.7126649842358,932.9019683815565,1,1395.779818794403
787,0,28.910785585422772,726.6644530377428,1,1198.5992118420697
788,1,35.855970933090575,736.9095397513825,1,1294.8993715599104
789,0,46.185074910837315,821.9888424237166,1,1380.0191008572206
790,1,45.60529788153812,635.1560563907937,1,1398.7486298033773
791,0,40.60136773572271,859.2309914129049,1,1326.3208732421658
792,1,36.58147540900663,932.5891924106965,1,1302.152481816766
793,0,23.358267776833607,788.5440885042735,0,1047.4265522690964
794,1,38.0968619619025,627.1880528801652,1,1330.921659766583
795,0,33.21506185126295,741.1115456402424,1,1255.3833686655105
796,1,28.45475427978549,744.2874822098607,1,1225.6069605978769
797,1,50.76157264000379,904.7740472214628,1,1452.1267032802111
798,0,27.985962626187053,905.6028590086111,1,1198.6939393588568
799,1,37.42876389372811,829.9613183478682,1,1308.0537450892057
800,0,40.16035756461069,761.4852530224019,1,1316.8450388646052
801,1,45.51154762044573,785.31887431379,1,1388.7285359459577
802,0,38.67304396216124,867.3903556218007,1,1319.0309837004065
803,1,54.7321531497352,881.1588919135415,0,1380.9146442726312
804,1,39.451367478945386,975.6083255853184,1,1330.7459433090135
805,1,30.11519831509466,678.2600037588854,1,1241.7980579687737
806,1,36.02511535835645,837.7272862176701,1,1297.9844358388584
807,1,41.691292456092484,825.8707632972407,1,1347.5738164875668
808,1,13.094911918293803,627.6750663586915,0,970.3108457717161
809,0,34.04435948652975,778.8242366384039,1,1254.1973731357116
810,1,35.41525708515986,744.775353277196,1,1286.37359832493
811,1,32.61399126101995,683.2109333537704,1,1258.9846822422335
812,1,35.513685364867314,824.9717416930995,1,1300.4313597578678
813,0,15.081936397929358,560.7560775139524,1,1067.8421765325227
814,0,38.4623628474444,907.2541199012022,1,1306.7805550526864
815,1,35.03029342801126,949.4663649316939,1,1287.256926643245
816,1,30.075714992336323,925.1372681864914,1,1239.9999951385214
817,1,6.355812774094925,891.3429498300936,0,902.0631904614694
818,0,30.887872631021573,824.7699174106486,1,1237.4128486265906
819,1,36.18208538052268,816.0668789864362,1,1315.9430370340647
820,1,34.28839232231993,788.6403159601216,1,1284.9128490962828
821,1,28.913025710451954,723.9418285633075,0,1122.084663774415
822,1,38.216452880419226,820.8147193958382,1,1319.1781556775115
823,1,25.89510467957297,875.1350438324362,1,1198.259850638039
824,1,41.99281047319464,669.1492956557308,0,1259.837106922066
825,1,43.25732375193134,774.9838799103472,1,1366.7762253644248
826,0,44.57543411914868,766.1038241550294,1,1366.890607386317
827,1,42.98846270365293,830.3397501941499,1,1371.8537819471242
828,1,31.478727899499713,713.753886199147,1,1251.7612450040006
829,1,34.75053171764224,896.0120381813917,1,1289.060943588449
830,1,47.450733716948456,749.8339590208813,0,1304.0006228326438
831,1,41.10941958549662,927.0147697564593,1,1351.1512125802478
832,0,38.468830326606096,748.8468806401871,1,1306.9405777896325
833,0,47.791797109546515,920.9133926140094,1,1395.1304237115216
834,0,28.731541581303595,766.3749493934191,0,1102.911695255265
835,1,35.25263271601458,864.7112423124847,1,1290.6033413964144
836,0,48.01509002637247,827.7331287362119,1,1408.2418406927238
837,0,32.50210305432293,790.8748345637467,1,1242.179186516494
838,1,36.349983447954024,949.4835878004075,0,1202.6740742611598
839,1,33.53326769389112,818.4121873631607,1,1267.7901114543895
840,0,47.33930594139508,842.5551856818643,1,1397.5290663917258
841,1,36.35425982367621,785.7780834663315,1,1300.0637665984673
842,1,35.672402924146965,759.3875965166666,1,1303.211586519958
843,0,28.187778914886696,1020.8447320105806,1,1196.155555707264
844,1,30.815370597460998,778.8682201541343,0,1149.4778843075417
845,1,19.307857909180154,814.3804382288424,1,1124.0947254908713
846,0,39.095865407747674,833.1335500637086,0,1217.1655600740778
847,1,43.47803192934572,817.377402735714,1,1375.3612003886076
848,0,21.626156904475344,942.8940025485356,0,1041.227386228722
849,0,39.0135472863779,683.1003862210164,0,1211.6858591304624
850,0,38.28935897499032,765.2402333424227,1,1310.9814494166064
851,1,36.95321000040206,686.2745848988556,1,1317.6877226418717
852,0,35.714626101121574,730.7609174896423,0,1169.8163497523597
853,0,51.34933260899699,849.345739014308,1,1436.0359089972299
854,1,38.33007077579299,884.5001564331079,1,1318.8389136589003
855,1,49.01812622880157,1084.782505345519,1,1429.5494384007166
856,0,39.510170208601615,850.2396040738213,0,1207.7669452448122
857,1,39.873235957399366,770.5390065057918,1,1337.819331225864
858,1,29.602625448884655,699.534134060589,0,1127.5827725031559
859,0,61.90907415754321,840.5157913360274,1,1534.823399570186
860,0,34.40183924310684,892.7715691089096,1,1263.4380062135062
861,1,30.025241321395704,757.1982466169392,0,1135.3844556787574
862,1,38.82417149919642,826.731428957107,1,1327.4064051861276
863,1,39.09180178437925,824.4523476432031,0,1235.0235233868325
864,1,42.23745922788961,759.9520854856688,0,1258.8007718758577
865,1,25.850754256275323,878.0106903594324,1,1199.8423281440544
866,0,33.62814908480441,657.0170648616632,1,1253.1112571740641
867,1,50.74293277873333,1002.3803397538088,1,1448.7034215232334
868,0,30.170822969572413,805.4084619916908,0,1122.002430859827
869,1,31.438094868894346,842.6617639197589,1,1256.9706504300557
870,1,41.10222274222577,810.7452638433897,1,1351.49682226258
871,0,28.939648526329638,667.4431078464413,1,1199.6278263511306
872,0,46.34512003397254,859.0590320793106,1,1376.1105023845607
873,0,39.22468288927293,788.5271422777361,0,1217.1653005112773
874,1,35.89549711407137,697.7866530032311,1,1293.7171740536485
875,0,19.082860060363767,838.2903622518664,1,1111.368067118155
876,1,31.52832985756971,605.066162036398,1,1252.7841460399866
877,1,55.342959844253485,953.5740229062535,1,1493.9027216965444
878,1,32.1409484440775,709.9478908661624,1,1269.6726304261447
879,1,41.543787829822044,787.6552824370777,1,1347.4665507924303
880,1,25.752523830305222,985.2161559317041,1,1204.0248233481816
881,0,19.092969607459573,655.1790745780959,0,1011.1959750700819
882,1,42.09398469649405,967.7943774584382,1,1361.6313332600732
883,1,49.49326796297083,880.7126275854503,1,1430.7816113511424
884,1,19.556196906159574,871.6416715777627,1,1139.6088685708194
885,1,43.46069248221397,581.0746722119636,0,1274.6539955654114
886,0,38.30932470678367,775.7671738127509,1,1302.89794899701
887,1,31.33812689140857,660.5712018670527,1,1246.5487250852796
888,1,52.49284983416156,729.1454084588885,1,1468.1716103560402
889,1,24.948550385440033,843.8613706877956,0,1087.0214323435086
890,1,33.825607011581575,711.6631080286583,0,1174.935609397061
891,0,41.68505546538097,908.7769103549095,1,1342.173599893506
892,0,24.17525978567168,804.8924795140019,1,1164.0787878096146
893,0,46.059678057861916,641.3395927131995,1,1375.9216032888153
894,1,33.858466180655135,885.5762514343877,1,1280.7586016979787
895,1,47.29148304429105,739.7006328489816,1,1407.3107525960302
896,1,34.767031839083316,696.3044177627398,1,1289.978815267799
897,0,27.64894533379828,918.3364793108858,1,1192.0526781523758
898,0,21.594851668664795,831.7822051131172,0,1026.0456927888515
899,0,21.26934107628161,849.3887458839054,0,1040.4580601388034
900,0,33.50942906026065,831.6282171841922,1,1252.3239678428329
901,0,14.937240408028394,730.2332368515822,0,971.3443996228477
902,1,19.404314625819058,801.801591091555,0,1027.3954068855023
903,0,54.62701569151082,782.0694227894605,1,1464.4790571766146
904,1,33.21681776394367,734.991231266557,1,1274.149339188271
905,0,48.57620673161432,630.8263928636646,1,1408.937471583188
906,1,51.4899204713817,847.8429418495621,1,1457.4924458841604
907,1,36.194845705936274,733.286228953772,1,1303.5314096936568
908,1,35.03620616337611,931.8081030593003,1,1288.8608010347273
909,0,36.964434459246505,898.4463330043478,1,1291.042741606738
910,1,41.79739506730702,770.1464973056366,1,1360.5764595266799
911,1,43.01124844964395,832.4947355618596,1,1362.5826834933696
912,1,14.84799420223905,892.9028803867951,1,1086.9724962888297
913,1,35.47395988086688,771.5457786042973,1,1290.0881419820962
914,1,41.13096606859849,1102.247560733362,1,1344.9922052868194
915,1,33.29981518946601,856.4654843335833,1,1278.2108140865705
916,1,37.257595244317855,790.663410452639,1,1317.1911160780899
917,1,43.92404141125057,805.5175113564314,1,1376.8386426924812
918,0,33.52386901243541,796.1346664613504,1,1250.7930031781739
919,0,50.37182310370474,930.9009743550488,0,1328.7080125006123
920,0,39.52619354870756,924.3326419470478,0,1215.1051379747307
921,1,19.043057474294628,813.5746022678392,0,1025.7229761451429
922,1,33.12834707966271,784.1146256026311,1,1267.934458739853
923,1,40.67634468128946,858.937973317373,1,1335.5055378741333
924,1,36.626791167635965,740.3882572040241,1,1303.2412036358796
925,1,21.280169870741798,805.6650669331716,0,1063.1243451507962
926,1,16.16047488308666,781.3803076424725,1,1098.9098519142922
927,0,34.31952991835271,658.3255674176612,1,1257.2042904044238
928,1,41.87306933852914,743.6688651294489,1,1361.7573953168035
929,1,27.919992712278464,689.1189311169171,1,1219.5588500325277
930,1,38.77677268816157,894.0367423405046,1,1329.3674058940915
931,1,40.80757739274482,682.7487926421888,0,1243.6110821739221
932,0,44.74626092393341,787.9911746150707,1,1364.7835478896104
933,1,40.87452509331047,702.8762995517925,1,1349.7906067018682
934,0,37.45278778823427,809.4800999522558,1,1288.1877056566625
935,1,19.339962958283042,752.669221954636,1,1135.5269673705548
936,1,29.918718519061425,1035.189143464644,1,1241.681800887257
937,1,43.58278853924391,766.7968568575384,1,1369.8941903964362
938,1,39.51866719214799,875.0201330074822,0,1235.935262955302
939,1,26.020957631468672,838.5368238972054,0,1095.1521831757543
940,1,38.1901114488487,867.9020226708391,1,1321.5595112161916
941,0,34.060354894202256,902.3564170561466,1,1261.2716841704166
942,1,47.643083249220766,751.4288519170016,1,1412.0559646452066
943,0,34.65990634721358,686.6521123468734,0,1159.8328073332827
944,0,31.11830969872065,866.3619445777063,1,1227.2811397167382
945,0,32.39545168090662,707.3877639884378,0,1140.380018340545
946,1,26.225654859128866,936.5266392250239,1,1200.6804802937413
947,1,47.92751430506648,690.6468151806363,1,1414.960617404581
948,1,36.65187853607552,543.5681072632549,1,1300.785598865835
949,1,28.96792924288504,694.1936417879874,1,1231.9123297344659
950,1,38.98603900801511,748.2559407414619,1,1322.4463134023754
951,0,43.589521254586565,989.9252537737777,0,1260.0733379400983
952,0,30.78087531430616,882.3985914004986,1,1230.22779912798
953,1,31.945111105703027,957.3132186513398,0,1155.9885770915682
954,0,34.4081198549152,668.6067958453893,1,1268.100027384978
955,0,14.981278120476084,911.467713599476,1,1068.569094119681
956,1,36.554364213574466,739.2011550809755,1,1302.9579096379464
957,0,35.425622275156776,886.6911047909061,1,1271.687763900695
958,1,32.379608012058426,605.6549660725204,0,1162.422611647754
959,1,24.788067416776954,898.4165899747945,0,1084.4783981732414
960,0,45.6535710343492,769.7814045866764,1,1365.6635487811957
961,1,30.424091621244767,781.3668219811816,1,1238.0825606114977
962,1,36.35303912879276,932.4513191450964,1,1303.969596330618
963,0,56.12787595701275,836.3648224853862,1,1488.2632074725573
964,0,29.081663046135947,810.0736969779704,1,1213.524838995381
965,1,28.31262105954218,882.3425548416919,0,1127.2216913949992
966,1,36.53878740931465,711.1082274412117,1,1306.2715258805345
967,0,32.146083884007474,666.8498268061776,1,1244.026308179592
968,1,30.073035607990242,908.3607593716478,1,1247.474152869271
969,1,39.097715393881025,942.3417817353526,1,1325.5015997201986
970,1,37.29356450786856,849.9641061542692,1,1304.0322077259298
971,0,24.253743666826736,799.2165456940493,0,1061.2544338310256
972,0,21.19249145561529,941.9803057495122,1,1126.7091252730797
973,1,40.98233241445688,814.8903331203836,1,1340.334326105554
974,0,26.605313578522505,838.9446204072303,1,1187.04499432938
975,1,25.44574939952652,811.8150353480812,1,1186.9446843900905
976,0,47.36218070672557,875.2450112402711,1,1408.5975489548177
977,0,35.759841521696,682.8064857625831,1,1276.3012241921058
978,1,29.604270923652223,753.6885594198801,1,1238.4721570848708
979,0,42.7353811942751,779.9647243904332,1,1350.0503158019983
980,1,48.043005238294924,638.0105943389179,1,1413.6945464957862
981,0,44.851099741092746,877.2125120970618,1,1367.6032635381366
982,0,24.882784893138243,821.6093825107763,1,1162.5378348546546
983,1,28.939709742816078,729.0378690796548,1,1230.038538272483
984,0,38.16726055506865,835.1004816858365,1,1304.8251273893359
985,0,21.353088913547115,817.2628540068317,1,1131.9515674692839
986,1,31.18033720472336,729.5429175541268,1,1238.3423492621796
987,1,34.85707258848248,806.3448553265996,1,1292.0238384881584
988,0,34.345818680010346,724.1763549087875,0,1159.2536136590422
989,1,37.23432418861722,853.5870977652781,0,1219.2566225357186
990,1,36.83182166678893,660.9613007185151,0,1208.2090078515616
991,1,43.90661242229158,816.1761188031519,0,1275.667481260542
992,0,34.46928155179908,884.5145038527579,0,1159.968956324737
993,0,26.701418844849176,820.4253178064287,1,1187.0636399304367
994,1,33.78970902174891,722.1028543925067,1,1270.5632858180038
995,0,32.90341956565162,691.5354868724223,0,1150.678884147765
996,1,35.395895617127636,637.7342800720264,1,1294.9255255685946
997,0,49.80990197476178,845.6257766576094,1,1418.2884341361023
998,1,40.66660058392043,818.4073287436211,1,1350.8921731869916
999,0,52.89580358631409,805.7976357119636,1,1443.0696348866788
1000,1,46.14047851154728,869.2115714615254,0,1296.0873670162723
